chid,alt_id,alt,chosen,price,catch
1,1,beach,0,157.93,0.0678
1,2,boat,0,157.93,0.2601
1,3,charter,1,182.93,0.5391
1,4,pier,0,157.93,0.0503
2,1,beach,0,15.114,0.1049
2,2,boat,0,10.534,0.1574
2,3,charter,1,34.534,0.4671
2,4,pier,0,15.114,0.0451
3,1,beach,0,161.874,0.5333
3,2,boat,1,24.334,0.2413
3,3,charter,0,59.334,1.0266
3,4,pier,0,161.874,0.4522
4,1,beach,0,15.134,0.0678
4,2,boat,0,55.93,0.1643
4,3,charter,0,84.93,0.5391
4,4,pier,1,15.134,0.0789
5,1,beach,0,106.93,0.0678
5,2,boat,1,41.514,0.1082
5,3,charter,0,71.014,0.324
5,4,pier,0,106.93,0.0503
6,1,beach,0,192.474,0.5333
6,2,boat,0,28.934,0.1665
6,3,charter,1,63.934,0.3975
6,4,pier,0,192.474,0.4522
7,1,beach,1,51.934,0.0678
7,2,boat,0,191.93,0.1643
7,3,charter,0,220.93,0.5391
7,4,pier,0,51.934,0.0789
8,1,beach,0,15.134,0.0678
8,2,boat,0,21.714,0.0102
8,3,charter,1,56.714,0.0209
8,4,pier,0,15.134,0.0789
9,1,beach,0,34.914,0.2537
9,2,boat,1,34.914,0.0233
9,3,charter,0,53.414,0.0219
9,4,pier,0,34.914,0.1498
10,1,beach,0,28.314,0.2537
10,2,boat,1,28.314,0.0233
10,3,charter,0,46.814,0.0219
10,4,pier,0,28.314,0.1498
11,1,beach,0,34.914,0.1049
11,2,boat,0,24.334,0.1574
11,3,charter,0,48.334,0.4671
11,4,pier,1,34.914,0.0451
12,1,beach,0,312.144,0.5333
12,2,boat,1,16.722,0.2413
12,3,charter,0,51.722,1.0266
12,4,pier,0,312.144,0.4522
13,1,beach,0,17.862,0.1049
13,2,boat,0,4.122,0.0023
13,3,charter,0,28.122,0.0046
13,4,pier,1,17.862,0.0451
14,1,beach,0,15.134,0.0678
14,2,boat,0,55.93,0.0014
14,3,charter,0,84.93,0.0029
14,4,pier,1,15.134,0.0789
15,1,beach,1,74.514,0.2537
15,2,boat,0,74.514,0.2339
15,3,charter,0,93.014,0.6288
15,4,pier,0,74.514,0.1498
16,1,beach,0,33.534,0.0678
16,2,boat,0,123.93,0.1643
16,3,charter,0,152.93,0.5391
16,4,pier,1,33.534,0.0789
17,1,beach,1,48.114,0.1049
17,2,boat,0,33.534,0.1574
17,3,charter,0,57.534,0.4671
17,4,pier,0,48.114,0.0451
18,1,beach,0,33.462,0.1049
18,2,boat,0,7.722,0.0613
18,3,charter,0,31.722,0.3087
18,4,pier,1,33.462,0.0079
19,1,beach,0,211.344,0.5333
19,2,boat,1,11.322,0.0361
19,3,charter,0,46.322,0.4216
19,4,pier,0,211.344,0.0069
20,1,beach,0,49.062,0.1049
20,2,boat,1,11.322,0.1574
20,3,charter,0,35.322,0.4671
20,4,pier,0,49.062,0.0451
21,1,beach,0,345.744,0.5333
21,2,boat,0,18.522,0.0156
21,3,charter,1,53.522,0.0058
21,4,pier,0,345.744,0.4522
22,1,beach,0,88.062,0.1049
22,2,boat,0,20.322,0.0023
22,3,charter,1,44.322,0.0046
22,4,pier,0,88.062,0.0451
23,1,beach,0,100.674,0.5333
23,2,boat,1,15.134,0.1665
23,3,charter,0,50.134,0.3975
23,4,pier,0,100.674,0.4522
24,1,beach,0,28.314,0.1049
24,2,boat,0,19.734,0.0613
24,3,charter,1,43.734,0.3087
24,4,pier,0,28.314,0.0079
25,1,beach,0,33.462,0.0678
25,2,boat,0,34.32,0.0559
25,3,charter,1,69.32,0.6456
25,4,pier,0,33.462,0.0789
26,1,beach,1,67.784,0.5333
26,2,boat,0,17.862,0.2413
26,3,charter,0,52.862,1.0266
26,4,pier,0,67.784,0.4522
27,1,beach,0,50.32,0.1049
27,2,boat,0,49.062,0.1574
27,3,charter,0,73.062,0.4671
27,4,pier,1,50.32,0.0451
28,1,beach,0,72.462,0.0678
28,2,boat,1,74.32,0.0897
28,3,charter,0,109.32,1.0905
28,4,pier,0,72.462,0.0789
29,1,beach,0,70.074,0.5333
29,2,boat,0,10.534,0.0156
29,3,charter,1,45.534,0.0058
29,4,pier,0,70.074,0.4522
30,1,beach,0,131.274,0.5333
30,2,boat,0,19.734,0.0156
30,3,charter,1,54.734,0.0058
30,4,pier,0,131.274,0.4522
31,1,beach,0,28.314,0.1049
31,2,boat,0,19.734,0.0023
31,3,charter,1,43.734,0.0046
31,4,pier,0,28.314,0.0451
32,1,beach,0,49.062,0.1049
32,2,boat,0,11.322,0.0613
32,3,charter,1,35.322,0.3087
32,4,pier,0,49.062,0.0079
33,1,beach,0,33.462,0.1049
33,2,boat,1,7.722,0.0023
33,3,charter,0,31.722,0.0046
33,4,pier,0,33.462,0.0451
34,1,beach,1,9.522,0.0678
34,2,boat,0,78.292,0.0014
34,3,charter,0,107.292,0.0029
34,4,pier,0,9.522,0.0789
35,1,beach,0,25.662,0.1049
35,2,boat,0,5.922,0.0613
35,3,charter,0,29.922,0.3087
35,4,pier,1,25.662,0.0079
36,1,beach,0,144.144,0.5333
36,2,boat,0,7.722,0.0361
36,3,charter,1,42.722,0.4216
36,4,pier,0,144.144,0.0069
37,1,beach,0,120.004,0.0678
37,2,boat,0,252.64,0.0014
37,3,charter,0,281.64,0.0029
37,4,pier,1,120.004,0.0789
38,1,beach,0,25.648,0.2537
38,2,boat,1,80.608,0.0531
38,3,charter,0,105.608,0.0052
38,4,pier,0,25.648,0.1498
39,1,beach,0,115.808,0.5333
39,2,boat,0,25.004,0.0156
39,3,charter,1,60.004,0.0058
39,4,pier,0,115.808,0.4522
40,1,beach,0,32.604,0.0678
40,2,boat,0,68.64,0.1643
40,3,charter,0,97.64,0.5391
40,4,pier,1,32.604,0.0789
41,1,beach,0,10.296,0.0678
41,2,boat,1,46.332,0.1643
41,3,charter,0,75.332,0.5391
41,4,pier,0,10.296,0.0789
42,1,beach,0,10.296,0.0678
42,2,boat,0,54.912,0.0897
42,3,charter,1,89.912,1.0905
42,4,pier,0,10.296,0.0789
43,1,beach,0,231.472,0.5333
43,2,boat,1,15.096,0.2413
43,3,charter,0,50.096,1.0266
43,4,pier,0,231.472,0.4522
44,1,beach,0,59.248,0.2537
44,2,boat,0,186.208,0.7369
44,3,charter,1,211.208,2.3101
44,4,pier,0,59.248,0.1498
45,1,beach,0,231.472,0.5333
45,2,boat,0,15.096,0.2413
45,3,charter,1,50.096,1.0266
45,4,pier,0,231.472,0.4522
46,1,beach,0,19.896,0.0678
46,2,boat,0,89.532,0.0014
46,3,charter,0,118.532,0.0029
46,4,pier,1,19.896,0.0789
47,1,beach,0,341.872,0.5333
47,2,boat,0,22.296,0.2413
47,3,charter,1,57.296,1.0266
47,4,pier,0,341.872,0.4522
48,1,beach,0,80.608,0.5333
48,2,boat,0,17.404,0.2413
48,3,charter,1,52.404,1.0266
48,4,pier,0,80.608,0.4522
49,1,beach,1,24.334,0.0678
49,2,boat,0,89.93,0.1643
49,3,charter,0,118.93,0.5391
49,4,pier,0,24.334,0.0789
50,1,beach,1,11.322,0.0678
50,2,boat,0,93.092,0.1643
50,3,charter,0,122.092,0.5391
50,4,pier,0,11.322,0.0789
51,1,beach,0,177.744,0.5333
51,2,boat,0,9.522,0.0156
51,3,charter,1,44.522,0.0058
51,4,pier,0,177.744,0.4522
52,1,beach,0,5.922,0.0678
52,2,boat,0,48.692,0.1643
52,3,charter,0,77.692,0.5391
52,4,pier,1,5.922,0.0789
53,1,beach,0,177.744,0.5333
53,2,boat,1,9.522,0.2413
53,3,charter,0,44.522,1.0266
53,4,pier,0,177.744,0.4522
54,1,beach,0,70.074,0.5333
54,2,boat,1,10.534,0.0361
54,3,charter,0,45.534,0.4216
54,4,pier,0,70.074,0.0069
55,1,beach,0,41.514,0.1049
55,2,boat,0,28.934,0.0613
55,3,charter,1,52.934,0.3087
55,4,pier,0,41.514,0.0079
56,1,beach,0,21.714,0.1049
56,2,boat,0,15.134,0.0023
56,3,charter,1,39.134,0.0046
56,4,pier,0,21.714,0.0451
57,1,beach,0,144.144,0.5333
57,2,boat,0,7.722,0.0156
57,3,charter,1,42.722,0.0058
57,4,pier,0,144.144,0.4522
58,1,beach,0,25.662,0.1049
58,2,boat,1,5.922,0.0613
58,3,charter,0,29.922,0.3087
58,4,pier,0,25.662,0.0079
59,1,beach,0,244.944,0.5333
59,2,boat,1,13.122,0.0156
59,3,charter,0,48.122,0.0058
59,4,pier,0,244.944,0.4522
60,1,beach,0,144.144,0.5333
60,2,boat,0,7.722,0.2413
60,3,charter,1,42.722,1.0266
60,4,pier,0,144.144,0.4522
61,1,beach,0,5.922,0.0678
61,2,boat,0,48.692,0.0014
61,3,charter,0,77.692,0.0029
61,4,pier,1,5.922,0.0789
62,1,beach,0,93.092,0.0678
62,2,boat,0,93.092,0.2601
62,3,charter,0,118.092,0.5391
62,4,pier,1,93.092,0.0503
63,1,beach,0,177.744,0.5333
63,2,boat,0,9.522,0.0361
63,3,charter,1,44.522,0.4216
63,4,pier,0,177.744,0.0069
64,1,beach,0,41.262,0.1049
64,2,boat,1,9.522,0.1574
64,3,charter,0,33.522,0.4671
64,4,pier,0,41.262,0.0451
65,1,beach,0,9.522,0.0678
65,2,boat,0,78.292,0.1643
65,3,charter,0,107.292,0.5391
65,4,pier,1,9.522,0.0789
66,1,beach,0,76.944,0.5333
66,2,boat,0,4.122,0.2413
66,3,charter,1,39.122,1.0266
66,4,pier,0,76.944,0.4522
67,1,beach,0,177.744,0.5333
67,2,boat,1,9.522,0.2413
67,3,charter,0,44.522,1.0266
67,4,pier,0,177.744,0.4522
68,1,beach,0,177.744,0.5333
68,2,boat,0,9.522,0.1665
68,3,charter,1,44.522,0.3975
68,4,pier,0,177.744,0.4522
69,1,beach,0,244.944,0.5333
69,2,boat,1,13.122,0.2413
69,3,charter,0,48.122,1.0266
69,4,pier,0,244.944,0.4522
70,1,beach,0,33.462,0.1049
70,2,boat,0,7.722,0.1574
70,3,charter,0,31.722,0.4671
70,4,pier,1,33.462,0.0451
71,1,beach,0,33.462,0.1049
71,2,boat,1,7.722,0.0023
71,3,charter,0,31.722,0.0046
71,4,pier,0,33.462,0.0451
72,1,beach,0,5.922,0.0678
72,2,boat,0,25.662,0.0102
72,3,charter,1,60.662,0.0209
72,4,pier,0,5.922,0.0789
73,1,beach,0,345.744,0.5333
73,2,boat,0,18.522,0.1665
73,3,charter,1,53.522,0.3975
73,4,pier,0,345.744,0.4522
74,1,beach,0,244.944,0.5333
74,2,boat,1,13.122,0.0361
74,3,charter,0,48.122,0.4216
74,4,pier,0,244.944,0.0069
75,1,beach,0,64.662,0.1049
75,2,boat,1,14.922,0.0023
75,3,charter,0,38.922,0.0046
75,4,pier,0,64.662,0.0451
76,1,beach,1,9.522,0.0678
76,2,boat,0,78.292,0.1643
76,3,charter,0,107.292,0.5391
76,4,pier,0,9.522,0.0789
77,1,beach,1,24.696,0.0678
77,2,boat,0,111.132,0.1643
77,3,charter,0,140.132,0.5391
77,4,pier,0,24.696,0.0789
78,1,beach,0,33.892,0.0678
78,2,boat,1,33.892,0.2601
78,3,charter,0,58.892,0.5391
78,4,pier,0,33.892,0.0503
79,1,beach,0,144.144,0.5333
79,2,boat,0,7.722,0.0361
79,3,charter,1,42.722,0.4216
79,4,pier,0,144.144,0.0069
80,1,beach,0,110.544,0.5333
80,2,boat,1,5.922,0.2413
80,3,charter,0,40.922,1.0266
80,4,pier,0,110.544,0.4522
81,1,beach,0,76.944,0.5333
81,2,boat,0,4.122,0.0156
81,3,charter,1,39.122,0.0058
81,4,pier,0,76.944,0.4522
82,1,beach,1,7.722,0.0678
82,2,boat,0,63.492,0.0014
82,3,charter,0,92.492,0.0029
82,4,pier,0,7.722,0.0789
83,1,beach,0,177.744,0.5333
83,2,boat,1,9.522,0.1665
83,3,charter,0,44.522,0.3975
83,4,pier,0,177.744,0.4522
84,1,beach,0,17.862,0.1049
84,2,boat,1,4.122,0.1574
84,3,charter,0,28.122,0.4671
84,4,pier,0,17.862,0.0451
85,1,beach,0,33.462,0.2537
85,2,boat,0,33.462,0.0626
85,3,charter,1,51.962,0.2773
85,4,pier,0,33.462,0.0014
86,1,beach,0,8.514,0.2537
86,2,boat,1,39.474,0.6817
86,3,charter,0,64.474,2.3014
86,4,pier,0,8.514,0.1498
87,1,beach,0,38.134,0.0678
87,2,boat,0,54.714,0.0559
87,3,charter,1,89.714,0.6456
87,4,pier,0,38.134,0.0789
88,1,beach,0,24.334,0.0678
88,2,boat,1,34.914,0.0897
88,3,charter,0,69.914,1.0905
88,4,pier,0,24.334,0.0789
89,1,beach,0,100.674,0.5333
89,2,boat,0,15.134,0.2413
89,3,charter,0,50.134,1.0266
89,4,pier,1,100.674,0.4522
90,1,beach,0,104.214,0.2537
90,2,boat,0,104.214,0.2339
90,3,charter,0,122.714,0.6288
90,4,pier,1,104.214,0.1498
91,1,beach,0,161.874,0.5333
91,2,boat,0,24.334,0.0156
91,3,charter,1,59.334,0.0058
91,4,pier,0,161.874,0.4522
92,1,beach,0,48.114,0.1049
92,2,boat,0,33.534,0.1574
92,3,charter,1,57.534,0.4671
92,4,pier,0,48.114,0.0451
93,1,beach,0,64.662,0.0678
93,2,boat,1,66.32,0.0102
93,3,charter,0,101.32,0.0209
93,4,pier,0,64.662,0.0789
94,1,beach,0,72.462,0.0678
94,2,boat,0,74.32,0.0102
94,3,charter,1,109.32,0.0209
94,4,pier,0,72.462,0.0789
95,1,beach,0,422.984,0.5333
95,2,boat,1,111.462,0.0051
95,3,charter,0,146.462,1.0266
95,4,pier,0,422.984,0.4522
96,1,beach,0,56.862,0.0678
96,2,boat,0,58.32,0.0102
96,3,charter,1,93.32,0.0209
96,4,pier,0,56.862,0.0789
97,1,beach,0,72.462,0.0678
97,2,boat,1,74.32,0.0897
97,3,charter,0,109.32,1.0905
97,4,pier,0,72.462,0.0789
98,1,beach,0,210.566,0.0678
98,2,boat,0,49.74,0.0732
98,3,charter,1,79.24,0.1726
98,4,pier,0,210.566,0.0052
99,1,beach,0,43.74,0.2537
99,2,boat,0,52.488,0.2339
99,3,charter,0,70.988,0.6288
99,4,pier,1,43.74,0.1498
100,1,beach,1,31.74,0.2537
100,2,boat,0,38.088,0.2339
100,3,charter,0,56.588,0.6288
100,4,pier,0,31.74,0.1498
101,1,beach,1,19.74,0.2537
101,2,boat,0,23.688,0.2339
101,3,charter,0,42.188,0.6288
101,4,pier,0,19.74,0.1498
102,1,beach,0,31.74,0.2537
102,2,boat,0,38.088,0.2339
102,3,charter,0,56.588,0.6288
102,4,pier,1,31.74,0.1498
103,1,beach,0,55.77,0.0678
103,2,boat,0,25.74,0.0108
103,3,charter,1,60.74,0.2377
103,4,pier,0,55.77,0.0025
104,1,beach,0,42.77,0.0678
104,2,boat,0,19.74,0.0559
104,3,charter,1,54.74,0.6456
104,4,pier,0,42.77,0.0789
105,1,beach,0,261.366,0.0678
105,2,boat,0,61.74,0.0732
105,3,charter,1,91.24,0.1726
105,4,pier,0,261.366,0.0052
106,1,beach,0,268.702,0.5333
106,2,boat,0,146.77,0.1665
106,3,charter,1,181.77,0.3975
106,4,pier,0,268.702,0.4522
107,1,beach,0,55.74,0.2537
107,2,boat,0,221.102,0.6817
107,3,charter,1,246.102,2.3014
107,4,pier,0,55.74,0.1498
108,1,beach,0,159.766,0.0678
108,2,boat,0,37.74,0.0732
108,3,charter,1,67.24,0.1726
108,4,pier,0,159.766,0.0052
109,1,beach,0,16.77,0.0678
109,2,boat,0,32.766,0.1643
109,3,charter,0,61.766,0.5391
109,4,pier,1,16.77,0.0789
110,1,beach,0,125.902,0.5333
110,2,boat,1,68.77,0.2413
110,3,charter,0,103.77,1.0266
110,4,pier,0,125.902,0.4522
111,1,beach,0,56.862,0.0678
111,2,boat,1,58.32,0.0108
111,3,charter,0,93.32,0.2377
111,4,pier,0,56.862,0.0025
112,1,beach,0,25.662,0.0678
112,2,boat,0,26.32,0.0108
112,3,charter,1,61.32,0.2377
112,4,pier,0,25.662,0.0025
113,1,beach,0,46.258,0.0678
113,2,boat,0,18.32,0.0732
113,3,charter,1,47.82,0.1726
113,4,pier,0,46.258,0.0052
114,1,beach,1,42.32,0.2537
114,2,boat,0,42.32,0.0233
114,3,charter,0,60.82,0.0219
114,4,pier,0,42.32,0.1498
115,1,beach,0,64.662,0.0678
115,2,boat,0,66.32,0.0559
115,3,charter,1,101.32,0.6456
115,4,pier,0,64.662,0.0789
116,1,beach,0,42.32,0.1049
116,2,boat,0,41.262,0.1574
116,3,charter,1,65.262,0.4671
116,4,pier,0,42.32,0.0451
117,1,beach,0,58.32,0.2537
117,2,boat,1,58.32,0.0233
117,3,charter,0,76.82,0.0219
117,4,pier,0,58.32,0.1498
118,1,beach,0,77.234,0.0678
118,2,boat,0,73.002,0.0102
118,3,charter,1,108.002,0.0209
118,4,pier,0,77.234,0.0789
119,1,beach,0,150.15,0.5333
119,2,boat,0,62.634,0.2413
119,3,charter,1,97.634,1.0266
119,4,pier,0,150.15,0.4522
120,1,beach,0,135.634,0.0678
120,2,boat,0,267.552,0.1643
120,3,charter,1,296.552,0.0041
120,4,pier,0,135.634,0.0789
121,1,beach,1,73.002,0.2537
121,2,boat,0,73.002,0.2339
121,3,charter,0,91.502,0.6288
121,4,pier,0,73.002,0.1498
122,1,beach,0,205.27,0.0678
122,2,boat,1,94.74,0.0897
122,3,charter,0,129.74,1.0905
122,4,pier,0,205.27,0.0789
123,1,beach,0,55.77,0.0678
123,2,boat,0,25.74,0.0897
123,3,charter,1,60.74,1.0905
123,4,pier,0,55.77,0.0789
124,1,beach,1,61.74,0.2537
124,2,boat,0,74.088,0.2339
124,3,charter,0,92.588,0.6288
124,4,pier,0,61.74,0.1498
125,1,beach,0,120.77,0.0678
125,2,boat,1,55.74,0.0102
125,3,charter,0,90.74,0.0209
125,4,pier,0,120.77,0.0789
126,1,beach,0,146.77,0.0678
126,2,boat,0,67.74,0.0102
126,3,charter,1,102.74,0.0209
126,4,pier,0,146.77,0.0789
127,1,beach,0,55.74,0.2537
127,2,boat,0,66.888,0.2339
127,3,charter,0,85.388,0.6288
127,4,pier,1,55.74,0.1498
128,1,beach,0,134.366,0.0678
128,2,boat,0,31.74,0.0732
128,3,charter,1,61.24,0.1726
128,4,pier,0,134.366,0.0052
129,1,beach,0,49.74,0.2537
129,2,boat,0,59.688,0.2339
129,3,charter,0,78.188,0.6288
129,4,pier,1,49.74,0.1498
130,1,beach,0,205.27,0.0678
130,2,boat,1,94.74,0.0102
130,3,charter,0,129.74,0.0209
130,4,pier,0,205.27,0.0789
131,1,beach,0,205.27,0.0678
131,2,boat,1,94.74,0.0108
131,3,charter,0,129.74,0.2377
131,4,pier,0,205.27,0.0025
132,1,beach,0,107.77,0.0678
132,2,boat,0,49.74,0.0559
132,3,charter,1,84.74,0.6456
132,4,pier,0,107.77,0.0789
133,1,beach,0,261.366,0.0678
133,2,boat,1,61.74,0.0732
133,3,charter,0,91.24,0.1726
133,4,pier,0,261.366,0.0052
134,1,beach,0,108.966,0.0678
134,2,boat,1,25.74,0.0143
134,3,charter,0,55.24,0.0289
134,4,pier,0,108.966,0.0503
135,1,beach,0,286.766,0.0678
135,2,boat,1,67.74,0.0143
135,3,charter,0,97.24,0.0289
135,4,pier,0,286.766,0.0503
136,1,beach,0,375.802,0.5333
136,2,boat,1,205.27,0.0156
136,3,charter,0,240.27,0.0058
136,4,pier,0,375.802,0.4522
137,1,beach,0,68.77,0.0678
137,2,boat,0,31.74,0.0108
137,3,charter,1,66.74,0.2377
137,4,pier,0,68.77,0.0025
138,1,beach,0,68.77,0.0678
138,2,boat,0,31.74,0.0559
138,3,charter,1,66.74,0.6456
138,4,pier,0,68.77,0.0789
139,1,beach,0,67.784,0.5333
139,2,boat,0,17.862,0.0361
139,3,charter,1,52.862,0.4216
139,4,pier,0,67.784,0.0069
140,1,beach,0,186.184,0.5333
140,2,boat,0,49.062,0.2413
140,3,charter,1,84.062,1.0266
140,4,pier,0,186.184,0.4522
141,1,beach,0,66.32,0.2537
141,2,boat,1,66.32,0.2339
141,3,charter,0,84.82,0.6288
141,4,pier,0,66.32,0.1498
142,1,beach,0,38.184,0.5333
142,2,boat,0,10.062,0.1665
142,3,charter,1,45.062,0.3975
142,4,pier,0,38.184,0.4522
143,1,beach,0,72.462,0.0678
143,2,boat,1,74.32,0.0897
143,3,charter,0,109.32,1.0905
143,4,pier,0,72.462,0.0789
144,1,beach,0,49.062,0.0678
144,2,boat,0,50.32,0.0108
144,3,charter,1,85.32,0.2377
144,4,pier,0,49.062,0.0025
145,1,beach,0,333.258,0.5333
145,2,boat,1,94.506,0.2413
145,3,charter,0,129.506,1.0266
145,4,pier,0,333.258,0.4522
146,1,beach,0,85.698,0.1049
146,2,boat,0,60.306,0.0023
146,3,charter,1,84.306,0.0046
146,4,pier,0,85.698,0.0451
147,1,beach,0,166.698,0.2537
147,2,boat,0,166.698,0.0626
147,3,charter,1,185.198,0.2773
147,4,pier,0,166.698,0.0014
148,1,beach,0,252.858,0.5333
148,2,boat,0,71.706,0.0156
148,3,charter,1,106.706,0.0058
148,4,pier,0,252.858,0.4522
149,1,beach,0,128.706,0.0678
149,2,boat,1,182.898,0.0897
149,3,charter,0,217.898,1.0905
149,4,pier,0,128.706,0.0789
150,1,beach,0,212.658,0.5333
150,2,boat,0,60.306,0.0156
150,3,charter,1,95.306,0.0058
150,4,pier,0,212.658,0.4522
151,1,beach,0,212.658,0.5333
151,2,boat,0,60.306,0.0156
151,3,charter,1,95.306,0.0058
151,4,pier,0,212.658,0.4522
152,1,beach,0,92.058,0.5333
152,2,boat,0,26.106,0.0156
152,3,charter,1,61.106,0.0058
152,4,pier,0,92.058,0.4522
153,1,beach,0,139.35,0.1049
153,2,boat,1,63.172,0.0613
153,3,charter,0,87.172,0.3087
153,4,pier,0,139.35,0.0079
154,1,beach,0,109.35,0.1049
154,2,boat,1,49.572,0.0613
154,3,charter,0,73.572,0.3087
154,4,pier,0,109.35,0.0079
155,1,beach,0,323.31,0.5333
155,2,boat,1,56.372,0.2413
155,3,charter,0,91.372,1.0266
155,4,pier,0,323.31,0.4522
156,1,beach,0,71.214,0.0678
156,2,boat,1,71.214,0.0276
156,3,charter,0,96.214,0.0029
156,4,pier,0,71.214,0.0503
157,1,beach,0,94.35,0.1049
157,2,boat,1,42.772,0.1574
157,3,charter,0,66.772,0.4671
157,4,pier,0,94.35,0.0451
158,1,beach,0,109.35,0.1049
158,2,boat,0,49.572,0.0023
158,3,charter,1,73.572,0.0046
158,4,pier,0,109.35,0.0451
159,1,beach,0,49.572,0.0678
159,2,boat,0,121.014,0.1643
159,3,charter,0,150.014,0.5391
159,4,pier,1,49.572,0.0789
160,1,beach,0,206.31,0.5333
160,2,boat,0,35.972,0.2413
160,3,charter,1,70.972,1.0266
160,4,pier,0,206.31,0.4522
161,1,beach,0,245.31,0.5333
161,2,boat,0,42.772,0.0051
161,3,charter,1,77.772,1.0266
161,4,pier,0,245.31,0.4522
162,1,beach,0,206.31,0.5333
162,2,boat,0,35.972,0.2413
162,3,charter,1,70.972,1.0266
162,4,pier,0,206.31,0.4522
163,1,beach,0,64.35,0.2537
163,2,boat,0,167.31,0.6817
163,3,charter,1,192.31,2.3014
163,4,pier,0,64.35,0.1498
164,1,beach,1,42.772,0.0678
164,2,boat,0,104.414,0.1643
164,3,charter,0,133.414,0.5391
164,4,pier,0,42.772,0.0789
165,1,beach,0,323.31,0.5333
165,2,boat,0,56.372,0.0361
165,3,charter,1,91.372,0.4216
165,4,pier,0,323.31,0.0069
166,1,beach,1,15.572,0.0678
166,2,boat,0,38.014,0.1643
166,3,charter,0,67.014,0.5391
166,4,pier,0,15.572,0.0789
167,1,beach,0,71.214,0.0678
167,2,boat,1,71.214,0.2601
167,3,charter,0,96.214,0.5391
167,4,pier,0,71.214,0.0503
168,1,beach,0,104.414,0.0678
168,2,boat,1,94.35,0.0143
168,3,charter,0,123.85,0.0289
168,4,pier,0,104.414,0.0503
169,1,beach,1,124.35,0.2537
169,2,boat,0,124.35,0.2339
169,3,charter,0,142.85,0.6288
169,4,pier,0,124.35,0.1498
170,1,beach,0,104.414,0.0678
170,2,boat,0,104.414,0.2601
170,3,charter,1,129.414,0.5391
170,4,pier,0,104.414,0.0503
171,1,beach,0,175.748,0.2537
171,2,boat,1,175.748,0.0233
171,3,charter,0,194.248,0.0219
171,4,pier,0,175.748,0.1498
172,1,beach,0,335.34,0.5333
172,2,boat,1,72.9,0.0361
172,3,charter,0,107.9,0.4216
172,4,pier,0,335.34,0.0069
173,1,beach,0,243.34,0.5333
173,2,boat,0,52.9,0.0156
173,3,charter,1,87.9,0.0058
173,4,pier,0,243.34,0.4522
174,1,beach,1,22.372,0.0678
174,2,boat,0,54.614,0.1643
174,3,charter,0,83.614,0.5391
174,4,pier,0,22.372,0.0789
175,1,beach,0,206.31,0.5333
175,2,boat,0,35.972,0.0361
175,3,charter,1,70.972,0.4216
175,4,pier,0,206.31,0.0069
176,1,beach,0,29.172,0.0678
176,2,boat,0,64.35,0.0897
176,3,charter,1,99.35,1.0905
176,4,pier,0,29.172,0.0789
177,1,beach,0,323.31,0.5333
177,2,boat,1,56.372,0.0051
177,3,charter,0,91.372,1.0266
177,4,pier,0,323.31,0.4522
178,1,beach,0,35.972,0.0678
178,2,boat,0,79.35,0.0559
178,3,charter,1,114.35,0.6456
178,4,pier,0,35.972,0.0789
179,1,beach,0,362.31,0.5333
179,2,boat,1,63.172,0.2413
179,3,charter,0,98.172,1.0266
179,4,pier,0,362.31,0.4522
180,1,beach,0,71.214,0.0678
180,2,boat,0,64.35,0.1082
180,3,charter,1,93.85,0.324
180,4,pier,0,71.214,0.0503
181,1,beach,1,49.572,0.0678
181,2,boat,0,121.014,0.1643
181,3,charter,0,150.014,0.5391
181,4,pier,0,49.572,0.0789
182,1,beach,0,151.008,0.5333
182,2,boat,0,32.604,0.2413
182,3,charter,1,67.604,1.0266
182,4,pier,0,151.008,0.4522
183,1,beach,0,186.208,0.5333
183,2,boat,0,40.204,0.2413
183,3,charter,1,75.204,1.0266
183,4,pier,0,186.208,0.4522
184,1,beach,0,92.058,0.5333
184,2,boat,1,26.106,0.0361
184,3,charter,0,61.106,0.4216
184,4,pier,0,92.058,0.0069
185,1,beach,0,37.506,0.0678
185,2,boat,1,57.904,0.0014
185,3,charter,0,86.904,0.0029
185,4,pier,0,37.506,0.0789
186,1,beach,0,132.258,0.5333
186,2,boat,0,37.506,0.2413
186,3,charter,1,72.506,1.0266
186,4,pier,0,132.258,0.4522
187,1,beach,0,252.858,0.5333
187,2,boat,0,71.706,0.0361
187,3,charter,1,106.706,0.4216
187,4,pier,0,252.858,0.0069
188,1,beach,0,252.858,0.5333
188,2,boat,1,71.706,0.0361
188,3,charter,0,106.706,0.4216
188,4,pier,0,252.858,0.0069
189,1,beach,1,34.914,0.2537
189,2,boat,0,34.914,0.2339
189,3,charter,0,53.414,0.6288
189,4,pier,0,34.914,0.1498
190,1,beach,0,63.004,0.0678
190,2,boat,0,92.848,0.0102
190,3,charter,1,127.848,0.0209
190,4,pier,0,63.004,0.0789
191,1,beach,0,137.648,0.1049
191,2,boat,0,93.404,0.0613
191,3,charter,1,117.404,0.3087
191,4,pier,0,137.648,0.0079
192,1,beach,0,221.408,0.5333
192,2,boat,0,47.804,0.0051
192,3,charter,1,82.804,1.0266
192,4,pier,0,221.408,0.4522
193,1,beach,0,206.31,0.5333
193,2,boat,1,35.972,0.1665
193,3,charter,0,70.972,0.3975
193,4,pier,0,206.31,0.4522
194,1,beach,0,21.714,0.2537
194,2,boat,0,21.714,0.2339
194,3,charter,0,40.214,0.6288
194,4,pier,1,21.714,0.1498
195,1,beach,0,10.534,0.0678
195,2,boat,0,15.114,0.0102
195,3,charter,1,50.114,0.0209
195,4,pier,0,10.534,0.0789
196,1,beach,0,206.31,0.5333
196,2,boat,0,35.972,0.2413
196,3,charter,1,70.972,1.0266
196,4,pier,0,206.31,0.4522
197,1,beach,0,252.858,0.5333
197,2,boat,0,71.706,0.1665
197,3,charter,1,106.706,0.3975
197,4,pier,0,252.858,0.4522
198,1,beach,0,75.504,0.0678
198,2,boat,0,75.504,0.2601
198,3,charter,0,100.504,0.5391
198,4,pier,1,75.504,0.0503
199,1,beach,0,26.106,0.0678
199,2,boat,0,37.098,0.0108
199,3,charter,1,72.098,0.2377
199,4,pier,0,26.106,0.0025
200,1,beach,0,22.704,0.0678
200,2,boat,0,20.898,0.0016
200,3,charter,1,50.398,0.1176
200,4,pier,0,22.704,0.0503
201,1,beach,0,71.706,0.0678
201,2,boat,1,101.898,0.0559
201,3,charter,0,136.898,0.6456
201,4,pier,0,71.706,0.0789
202,1,beach,1,117.306,0.0678
202,2,boat,0,181.104,0.1643
202,3,charter,0,210.104,0.5391
202,4,pier,0,117.306,0.0789
203,1,beach,0,453.858,0.5333
203,2,boat,0,128.706,0.0361
203,3,charter,1,163.706,0.4216
203,4,pier,0,453.858,0.0069
204,1,beach,0,26.106,0.0678
204,2,boat,0,40.304,0.0499
204,3,charter,0,69.304,0.2421
204,4,pier,1,26.106,0.0025
205,1,beach,0,132.258,0.5333
205,2,boat,0,37.506,0.2413
205,3,charter,1,72.506,1.0266
205,4,pier,0,132.258,0.4522
206,1,beach,0,69.498,0.2537
206,2,boat,1,69.498,0.2339
206,3,charter,0,87.998,0.6288
206,4,pier,0,69.498,0.1498
207,1,beach,0,69.498,0.1049
207,2,boat,1,48.906,0.0023
207,3,charter,0,72.906,0.0046
207,4,pier,0,69.498,0.0451
208,1,beach,0,70.448,0.1049
208,2,boat,1,47.804,0.1574
208,3,charter,0,71.804,0.4671
208,4,pier,0,70.448,0.0451
209,1,beach,0,116.64,0.0678
209,2,boat,0,116.64,0.0276
209,3,charter,1,141.64,0.0029
209,4,pier,0,116.64,0.0503
210,1,beach,0,47.804,0.0678
210,2,boat,0,100.64,0.0014
210,3,charter,0,129.64,0.0029
210,4,pier,1,47.804,0.0789
211,1,beach,0,80.608,0.5333
211,2,boat,0,17.404,0.2413
211,3,charter,1,52.404,1.0266
211,4,pier,0,80.608,0.4522
212,1,beach,0,115.248,0.2537
212,2,boat,0,362.208,0.6817
212,3,charter,1,387.208,2.3014
212,4,pier,0,115.248,0.1498
213,1,beach,0,291.808,0.5333
213,2,boat,0,63.004,0.0156
213,3,charter,1,98.004,0.0058
213,4,pier,0,291.808,0.4522
214,1,beach,0,32.604,0.0678
214,2,boat,0,68.64,0.1643
214,3,charter,0,97.64,0.5391
214,4,pier,1,32.604,0.0789
215,1,beach,0,36.64,0.0678
215,2,boat,0,36.64,0.1491
215,3,charter,1,61.64,0.2421
215,4,pier,0,36.64,0.0052
216,1,beach,0,39.474,0.5333
216,2,boat,0,5.934,0.2413
216,3,charter,1,40.934,1.0266
216,4,pier,0,39.474,0.4522
217,1,beach,1,120.004,0.0678
217,2,boat,0,252.64,0.1643
217,3,charter,0,281.64,0.5391
217,4,pier,0,120.004,0.0789
218,1,beach,0,100.674,0.5333
218,2,boat,0,15.134,0.0156
218,3,charter,1,50.134,0.0058
218,4,pier,0,100.674,0.4522
219,1,beach,0,223.074,0.5333
219,2,boat,0,33.534,0.0156
219,3,charter,1,68.534,0.0058
219,4,pier,0,223.074,0.4522
220,1,beach,0,161.874,0.5333
220,2,boat,0,24.334,0.0156
220,3,charter,1,59.334,0.0058
220,4,pier,0,161.874,0.4522
221,1,beach,0,453.858,0.5333
221,2,boat,0,128.706,0.2413
221,3,charter,1,163.706,1.0266
221,4,pier,0,453.858,0.4522
222,1,beach,0,252.858,0.5333
222,2,boat,0,71.706,0.0156
222,3,charter,1,106.706,0.0058
222,4,pier,0,252.858,0.4522
223,1,beach,0,255.798,0.1049
223,2,boat,1,180.006,0.1574
223,3,charter,0,204.006,0.4671
223,4,pier,0,255.798,0.0451
224,1,beach,0,71.706,0.0678
224,2,boat,0,110.704,0.0971
224,3,charter,1,139.704,0.1648
224,4,pier,0,71.706,0.0789
225,1,beach,0,92.058,0.5333
225,2,boat,1,26.106,0.2413
225,3,charter,0,61.106,1.0266
225,4,pier,0,92.058,0.4522
226,1,beach,0,81.648,0.1049
226,2,boat,0,55.404,0.1574
226,3,charter,1,79.404,0.4671
226,4,pier,0,81.648,0.0451
227,1,beach,0,47.804,0.0678
227,2,boat,0,100.64,0.0014
227,3,charter,0,129.64,0.0029
227,4,pier,1,47.804,0.0789
228,1,beach,0,221.408,0.5333
228,2,boat,0,47.804,0.0361
228,3,charter,1,82.804,0.4216
228,4,pier,0,221.408,0.0069
229,1,beach,0,10.534,0.0678
229,2,boat,0,15.114,0.0102
229,3,charter,1,50.114,0.0209
229,4,pier,0,10.534,0.0789
230,1,beach,0,5.922,0.0678
230,2,boat,0,5.922,0.2601
230,3,charter,0,30.922,0.5391
230,4,pier,1,5.922,0.0503
231,1,beach,0,11.322,0.0678
231,2,boat,0,11.322,0.0276
231,3,charter,0,36.322,0.0029
231,4,pier,1,11.322,0.0503
232,1,beach,0,6.29,0.0678
232,2,boat,0,6.29,0.1643
232,3,charter,0,35.29,0.5391
232,4,pier,1,6.29,0.0789
233,1,beach,0,17.986,0.0678
233,2,boat,1,17.986,0.0014
233,3,charter,0,46.986,0.0029
233,4,pier,0,17.986,0.0789
234,1,beach,0,17.986,0.0678
234,2,boat,0,17.986,0.023
234,3,charter,1,42.986,0.1648
234,4,pier,0,17.986,0.0503
235,1,beach,0,17.986,0.0678
235,2,boat,0,17.986,0.1643
235,3,charter,1,46.986,0.5391
235,4,pier,0,17.986,0.0789
236,1,beach,0,45.186,0.0678
236,2,boat,1,45.186,0.2601
236,3,charter,0,70.186,0.5391
236,4,pier,0,45.186,0.0503
237,1,beach,1,21.386,0.0678
237,2,boat,0,21.386,0.1491
237,3,charter,0,46.386,0.2421
237,4,pier,0,21.386,0.0052
238,1,beach,1,9.522,0.0678
238,2,boat,0,9.522,0.2601
238,3,charter,0,34.522,0.5391
238,4,pier,0,9.522,0.0503
239,1,beach,0,316.342,0.5333
239,2,boat,1,51.842,0.2413
239,3,charter,0,86.842,1.0266
239,4,pier,0,316.342,0.4522
240,1,beach,0,32.242,0.0678
240,2,boat,1,5.922,0.0014
240,3,charter,0,34.922,0.0029
240,4,pier,0,32.242,0.0789
241,1,beach,0,9.522,0.0678
241,2,boat,0,9.522,0.0276
241,3,charter,0,34.522,0.0029
241,4,pier,1,9.522,0.0503
242,1,beach,0,11.322,0.0678
242,2,boat,1,11.322,0.0276
242,3,charter,0,36.322,0.0029
242,4,pier,0,11.322,0.0503
243,1,beach,1,9.522,0.0678
243,2,boat,0,9.522,0.0276
243,3,charter,0,34.522,0.0029
243,4,pier,0,9.522,0.0503
244,1,beach,1,71.442,0.0678
244,2,boat,0,13.122,0.1643
244,3,charter,0,42.122,0.5391
244,4,pier,0,71.442,0.0789
245,1,beach,0,14.58,0.0678
245,2,boat,1,14.58,0.2601
245,3,charter,0,39.58,0.5391
245,4,pier,0,14.58,0.0503
246,1,beach,0,8.58,0.0678
246,2,boat,0,8.58,0.1491
246,3,charter,1,33.58,0.2421
246,4,pier,0,8.58,0.0052
247,1,beach,0,56.61,0.0678
247,2,boat,0,12.58,0.0499
247,3,charter,1,41.58,0.2421
247,4,pier,0,56.61,0.0025
248,1,beach,0,18.58,0.0678
248,2,boat,0,18.58,0.2601
248,3,charter,1,43.58,0.5391
248,4,pier,0,18.58,0.0503
249,1,beach,0,8.58,0.0678
249,2,boat,0,8.58,0.2601
249,3,charter,0,33.58,0.5391
249,4,pier,1,8.58,0.0503
250,1,beach,0,359.022,0.2537
250,2,boat,1,666.11,0.0531
250,3,charter,0,691.11,0.0052
250,4,pier,0,359.022,0.1498
251,1,beach,0,29.61,0.0678
251,2,boat,0,6.58,0.0499
251,3,charter,1,35.58,0.2421
251,4,pier,0,29.61,0.0025
252,1,beach,0,135.11,0.5333
252,2,boat,1,20.61,0.2413
252,3,charter,0,55.61,1.0266
252,4,pier,0,135.11,0.4522
253,1,beach,0,4.58,0.0678
253,2,boat,0,4.58,0.023
253,3,charter,1,29.58,0.1648
253,4,pier,0,4.58,0.0503
254,1,beach,0,6.58,0.0678
254,2,boat,1,6.58,0.0031
254,3,charter,0,31.58,0.0041
254,4,pier,0,6.58,0.0503
255,1,beach,0,31.586,0.0678
255,2,boat,1,31.586,0.1491
255,3,charter,0,56.586,0.2421
255,4,pier,0,31.586,0.0052
256,1,beach,0,24.786,0.0678
256,2,boat,0,24.786,0.1491
256,3,charter,1,49.786,0.2421
256,4,pier,0,24.786,0.0052
257,1,beach,0,13.818,0.0678
257,2,boat,0,13.818,0.0499
257,3,charter,0,42.818,0.2421
257,4,pier,1,13.818,0.0025
258,1,beach,0,30.618,0.0678
258,2,boat,0,30.618,0.1643
258,3,charter,1,59.618,0.5391
258,4,pier,0,30.618,0.0789
259,1,beach,0,214.5,0.5333
259,2,boat,1,4.29,0.0051
259,3,charter,0,39.29,1.0266
259,4,pier,0,214.5,0.4522
260,1,beach,0,264.5,0.5333
260,2,boat,1,5.29,0.0156
260,3,charter,0,40.29,0.0058
260,4,pier,0,264.5,0.4522
261,1,beach,0,4.29,0.0678
261,2,boat,0,4.29,0.0971
261,3,charter,1,33.29,0.1648
261,4,pier,0,4.29,0.0789
262,1,beach,1,4.122,0.0678
262,2,boat,0,4.122,0.2601
262,3,charter,0,29.122,0.5391
262,4,pier,0,4.122,0.0503
263,1,beach,0,5.922,0.0678
263,2,boat,0,5.922,0.0276
263,3,charter,0,30.922,0.0029
263,4,pier,1,5.922,0.0503
264,1,beach,1,71.442,0.0678
264,2,boat,0,13.122,0.0499
264,3,charter,0,42.122,0.2421
264,4,pier,0,71.442,0.0025
265,1,beach,0,5.922,0.0678
265,2,boat,1,5.922,0.0276
265,3,charter,0,30.922,0.0029
265,4,pier,0,5.922,0.0503
266,1,beach,0,15.87,0.0678
266,2,boat,0,15.87,0.0276
266,3,charter,0,40.87,0.0029
266,4,pier,1,15.87,0.0503
267,1,beach,0,6.45,0.0678
267,2,boat,1,3.87,0.0014
267,3,charter,0,32.87,0.0029
267,4,pier,0,6.45,0.0789
268,1,beach,0,12.58,0.0678
268,2,boat,1,12.58,0.0276
268,3,charter,0,37.58,0.0029
268,4,pier,0,12.58,0.0503
269,1,beach,0,6.58,0.0678
269,2,boat,1,6.58,0.1491
269,3,charter,0,31.58,0.2421
269,4,pier,0,6.58,0.0052
270,1,beach,0,6.58,0.0678
270,2,boat,0,6.58,0.2601
270,3,charter,0,31.58,0.5391
270,4,pier,1,6.58,0.0503
271,1,beach,0,7.722,0.0678
271,2,boat,0,7.722,0.0276
271,3,charter,1,32.722,0.0029
271,4,pier,0,7.722,0.0503
272,1,beach,0,164.5,0.5333
272,2,boat,1,3.29,0.1665
272,3,charter,0,38.29,0.3975
272,4,pier,0,164.5,0.4522
273,1,beach,0,5.29,0.0678
273,2,boat,0,5.29,0.0276
273,3,charter,1,30.29,0.0029
273,4,pier,0,5.29,0.0503
274,1,beach,0,3.29,0.0678
274,2,boat,1,3.29,0.0014
274,3,charter,0,32.29,0.0029
274,4,pier,0,3.29,0.0789
275,1,beach,0,5.29,0.0678
275,2,boat,0,5.29,0.0971
275,3,charter,1,34.29,0.1648
275,4,pier,0,5.29,0.0789
276,1,beach,0,2.29,0.0678
276,2,boat,0,2.29,0.0971
276,3,charter,0,31.29,0.1648
276,4,pier,1,2.29,0.0789
277,1,beach,0,264.5,0.5333
277,2,boat,1,5.29,0.0051
277,3,charter,0,40.29,1.0266
277,4,pier,0,264.5,0.4522
278,1,beach,0,7.29,0.0678
278,2,boat,0,7.29,0.0014
278,3,charter,1,36.29,0.0029
278,4,pier,0,7.29,0.0789
279,1,beach,1,13.29,0.0678
279,2,boat,0,13.29,0.1643
279,3,charter,0,42.29,0.0041
279,4,pier,0,13.29,0.0789
280,1,beach,0,214.5,0.5333
280,2,boat,0,4.29,0.2413
280,3,charter,1,39.29,1.0266
280,4,pier,0,214.5,0.4522
281,1,beach,0,4.29,0.0678
281,2,boat,0,4.29,0.023
281,3,charter,1,29.29,0.1648
281,4,pier,0,4.29,0.0503
282,1,beach,0,166.212,0.1049
282,2,boat,0,7.29,0.0613
282,3,charter,1,31.29,0.3087
282,4,pier,0,166.212,0.0079
283,1,beach,0,6.29,0.0678
283,2,boat,0,6.29,0.0971
283,3,charter,1,35.29,0.1648
283,4,pier,0,6.29,0.0789
284,1,beach,0,189.012,0.1049
284,2,boat,1,8.29,0.0613
284,3,charter,0,32.29,0.3087
284,4,pier,0,189.012,0.0079
285,1,beach,0,164.5,0.5333
285,2,boat,0,3.29,0.0361
285,3,charter,1,38.29,0.4216
285,4,pier,0,164.5,0.0069
286,1,beach,0,4.29,0.0678
286,2,boat,0,4.29,0.0499
286,3,charter,1,33.29,0.2421
286,4,pier,0,4.29,0.0025
287,1,beach,0,114.5,0.5333
287,2,boat,0,2.29,0.2413
287,3,charter,1,37.29,1.0266
287,4,pier,0,114.5,0.4522
288,1,beach,0,2.29,0.0678
288,2,boat,0,2.29,0.1643
288,3,charter,0,31.29,0.5391
288,4,pier,1,2.29,0.0789
289,1,beach,0,75.012,0.2537
289,2,boat,0,75.012,0.0233
289,3,charter,0,93.512,0.0219
289,4,pier,1,75.012,0.1498
290,1,beach,0,4.29,0.0678
290,2,boat,0,4.29,0.1643
290,3,charter,0,33.29,0.5391
290,4,pier,1,4.29,0.0789
291,1,beach,0,214.5,0.5333
291,2,boat,1,4.29,0.0051
291,3,charter,0,39.29,1.0266
291,4,pier,0,214.5,0.4522
292,1,beach,0,75.012,0.1049
292,2,boat,1,3.29,0.1574
292,3,charter,0,27.29,0.4671
292,4,pier,0,75.012,0.0451
293,1,beach,0,11.45,0.0678
293,2,boat,0,6.87,0.0971
293,3,charter,1,35.87,0.1648
293,4,pier,0,11.45,0.0789
294,1,beach,0,31.45,0.0678
294,2,boat,0,18.87,0.1643
294,3,charter,1,47.87,0.5391
294,4,pier,0,31.45,0.0789
295,1,beach,0,33.87,0.0678
295,2,boat,0,33.87,0.2601
295,3,charter,1,58.87,0.5391
295,4,pier,0,33.87,0.0503
296,1,beach,0,843.186,0.5333
296,2,boat,1,53.686,0.2413
296,3,charter,0,88.686,1.0266
296,4,pier,0,843.186,0.4522
297,1,beach,0,364.5,0.5333
297,2,boat,0,7.29,0.0051
297,3,charter,1,42.29,1.0266
297,4,pier,0,364.5,0.4522
298,1,beach,0,314.5,0.5333
298,2,boat,0,6.29,0.2413
298,3,charter,1,41.29,1.0266
298,4,pier,0,314.5,0.4522
299,1,beach,0,5.29,0.0678
299,2,boat,0,5.29,0.023
299,3,charter,1,30.29,0.1648
299,4,pier,0,5.29,0.0503
300,1,beach,0,264.5,0.5333
300,2,boat,1,5.29,0.2413
300,3,charter,0,40.29,1.0266
300,4,pier,0,264.5,0.4522
301,1,beach,0,7.29,0.0678
301,2,boat,0,7.29,0.0971
301,3,charter,1,36.29,0.1648
301,4,pier,0,7.29,0.0789
302,1,beach,0,97.812,0.1049
302,2,boat,1,4.29,0.0023
302,3,charter,0,28.29,0.0046
302,4,pier,0,97.812,0.0451
303,1,beach,0,3.29,0.0678
303,2,boat,0,3.29,0.0276
303,3,charter,0,28.29,0.0029
303,4,pier,1,3.29,0.0503
304,1,beach,1,8.29,0.0678
304,2,boat,0,8.29,0.2601
304,3,charter,0,33.29,0.5391
304,4,pier,0,8.29,0.0503
305,1,beach,0,10.58,0.0678
305,2,boat,0,10.58,0.0276
305,3,charter,1,35.58,0.0029
305,4,pier,0,10.58,0.0503
306,1,beach,1,11.186,0.0678
306,2,boat,0,11.186,0.2601
306,3,charter,0,36.186,0.5391
306,4,pier,0,11.186,0.0503
307,1,beach,1,38.386,0.0678
307,2,boat,0,38.386,0.2601
307,3,charter,0,63.386,0.5391
307,4,pier,0,38.386,0.0503
308,1,beach,0,8.58,0.0678
308,2,boat,1,8.58,0.0276
308,3,charter,0,33.58,0.0029
308,4,pier,0,8.58,0.0503
309,1,beach,0,38.61,0.0678
309,2,boat,0,8.58,0.0499
309,3,charter,1,37.58,0.2421
309,4,pier,0,38.61,0.0025
310,1,beach,0,4.29,0.0678
310,2,boat,0,4.29,0.2601
310,3,charter,1,29.29,0.5391
310,4,pier,0,4.29,0.0503
311,1,beach,0,4.29,0.0678
311,2,boat,1,4.29,0.0276
311,3,charter,0,29.29,0.0029
311,4,pier,0,4.29,0.0503
312,1,beach,0,75.012,0.1049
312,2,boat,0,3.29,0.0023
312,3,charter,1,27.29,0.0046
312,4,pier,0,75.012,0.0451
313,1,beach,0,214.5,0.5333
313,2,boat,1,4.29,0.0051
313,3,charter,0,39.29,1.0266
313,4,pier,0,214.5,0.4522
314,1,beach,0,5.29,0.0678
314,2,boat,1,5.29,0.0276
314,3,charter,0,30.29,0.0029
314,4,pier,0,5.29,0.0503
315,1,beach,0,143.412,0.1049
315,2,boat,0,6.29,0.1574
315,3,charter,1,30.29,0.4671
315,4,pier,0,143.412,0.0451
316,1,beach,0,4.29,0.0678
316,2,boat,0,4.29,0.1491
316,3,charter,1,29.29,0.2421
316,4,pier,0,4.29,0.0052
317,1,beach,0,6.29,0.0678
317,2,boat,0,6.29,0.1643
317,3,charter,1,35.29,0.5391
317,4,pier,0,6.29,0.0789
318,1,beach,0,6.29,0.0678
318,2,boat,1,6.29,0.2601
318,3,charter,0,31.29,0.5391
318,4,pier,0,6.29,0.0503
319,1,beach,0,4.29,0.0678
319,2,boat,0,4.29,0.0276
319,3,charter,1,29.29,0.0029
319,4,pier,0,4.29,0.0503
320,1,beach,0,3.29,0.0678
320,2,boat,0,3.29,0.1491
320,3,charter,0,28.29,0.2421
320,4,pier,1,3.29,0.0052
321,1,beach,0,26.32,0.0678
321,2,boat,0,3.29,0.1643
321,3,charter,1,32.29,0.0041
321,4,pier,0,26.32,0.0789
322,1,beach,0,4.29,0.0678
322,2,boat,0,4.29,0.2601
322,3,charter,0,29.29,0.5391
322,4,pier,1,4.29,0.0503
323,1,beach,0,2.29,0.0678
323,2,boat,0,2.29,0.2601
323,3,charter,0,27.29,0.5391
323,4,pier,1,2.29,0.0503
324,1,beach,0,2.29,0.0678
324,2,boat,0,2.29,0.2601
324,3,charter,0,27.29,0.5391
324,4,pier,1,2.29,0.0503
325,1,beach,1,4.29,0.0678
325,2,boat,0,4.29,0.2601
325,3,charter,0,29.29,0.5391
325,4,pier,0,4.29,0.0503
326,1,beach,0,8.29,0.0678
326,2,boat,1,8.29,0.2601
326,3,charter,0,33.29,0.5391
326,4,pier,0,8.29,0.0503
327,1,beach,0,7.29,0.0678
327,2,boat,1,7.29,0.2601
327,3,charter,0,32.29,0.5391
327,4,pier,0,7.29,0.0503
328,1,beach,0,13.29,0.0678
328,2,boat,0,13.29,0.2601
328,3,charter,0,38.29,0.5391
328,4,pier,1,13.29,0.0503
329,1,beach,0,3.29,0.0678
329,2,boat,1,3.29,0.023
329,3,charter,0,28.29,0.1648
329,4,pier,0,3.29,0.0503
330,1,beach,0,6.29,0.0678
330,2,boat,1,6.29,0.1491
330,3,charter,0,31.29,0.2421
330,4,pier,0,6.29,0.0052
331,1,beach,0,26.32,0.0678
331,2,boat,0,3.29,0.0971
331,3,charter,1,32.29,0.1648
331,4,pier,0,26.32,0.0789
332,1,beach,0,4.29,0.0678
332,2,boat,1,4.29,0.0276
332,3,charter,0,29.29,0.0029
332,4,pier,0,4.29,0.0503
333,1,beach,0,6.29,0.0678
333,2,boat,1,6.29,0.0276
333,3,charter,0,31.29,0.0029
333,4,pier,0,6.29,0.0503
334,1,beach,0,74.61,0.0678
334,2,boat,0,16.58,0.0499
334,3,charter,1,45.58,0.2421
334,4,pier,0,74.61,0.0025
335,1,beach,0,4.29,0.0678
335,2,boat,0,4.29,0.2601
335,3,charter,0,29.29,0.5391
335,4,pier,1,4.29,0.0503
336,1,beach,0,6.29,0.0678
336,2,boat,0,6.29,0.2601
336,3,charter,1,31.29,0.5391
336,4,pier,0,6.29,0.0503
337,1,beach,1,2.29,0.0678
337,2,boat,0,2.29,0.0276
337,3,charter,0,27.29,0.0029
337,4,pier,0,2.29,0.0503
338,1,beach,0,5.29,0.0678
338,2,boat,0,5.29,0.0276
338,3,charter,0,30.29,0.0029
338,4,pier,1,5.29,0.0503
339,1,beach,0,3.29,0.0678
339,2,boat,1,3.29,0.0276
339,3,charter,0,28.29,0.0029
339,4,pier,0,3.29,0.0503
340,1,beach,0,2.29,0.0678
340,2,boat,1,2.29,0.0276
340,3,charter,0,27.29,0.0029
340,4,pier,0,2.29,0.0503
341,1,beach,0,34.32,0.0678
341,2,boat,1,4.29,0.0014
341,3,charter,0,33.29,0.0029
341,4,pier,0,34.32,0.0789
342,1,beach,0,6.29,0.0678
342,2,boat,0,6.29,0.0276
342,3,charter,1,31.29,0.0029
342,4,pier,0,6.29,0.0503
343,1,beach,0,9.29,0.0678
343,2,boat,1,9.29,0.2601
343,3,charter,0,34.29,0.5391
343,4,pier,0,9.29,0.0503
344,1,beach,1,306.82,0.5333
344,2,boat,0,42.32,0.2413
344,3,charter,0,77.32,1.0266
344,4,pier,0,306.82,0.4522
345,1,beach,0,65.61,0.0678
345,2,boat,1,231.822,0.0897
345,3,charter,0,266.822,1.0905
345,4,pier,0,65.61,0.0789
346,1,beach,0,8.29,0.0678
346,2,boat,1,8.29,0.0276
346,3,charter,0,33.29,0.0029
346,4,pier,0,8.29,0.0503
347,1,beach,0,132.132,0.1049
347,2,boat,0,34.32,0.0613
347,3,charter,1,58.32,0.3087
347,4,pier,0,132.132,0.0079
348,1,beach,0,26.32,0.0678
348,2,boat,0,3.29,0.0014
348,3,charter,1,32.29,0.0029
348,4,pier,0,26.32,0.0789
349,1,beach,0,7.29,0.0678
349,2,boat,0,7.29,0.2601
349,3,charter,1,32.29,0.5391
349,4,pier,0,7.29,0.0503
350,1,beach,0,51.45,0.0678
350,2,boat,1,30.87,0.1643
350,3,charter,0,59.87,0.5391
350,4,pier,0,51.45,0.0789
351,1,beach,0,30.87,0.0678
351,2,boat,1,30.87,0.2601
351,3,charter,0,55.87,0.5391
351,4,pier,0,30.87,0.0503
352,1,beach,0,12.87,0.0678
352,2,boat,1,12.87,0.0276
352,3,charter,0,37.87,0.0029
352,4,pier,0,12.87,0.0503
353,1,beach,0,21.87,0.0678
353,2,boat,0,21.87,0.023
353,3,charter,1,46.87,0.1648
353,4,pier,0,21.87,0.0503
354,1,beach,1,24.786,0.0678
354,2,boat,0,24.786,0.2601
354,3,charter,0,49.786,0.5391
354,4,pier,0,24.786,0.0503
355,1,beach,0,21.386,0.0678
355,2,boat,0,21.386,0.1643
355,3,charter,1,50.386,0.5391
355,4,pier,0,21.386,0.0789
356,1,beach,0,455.95,0.5333
356,2,boat,0,41.45,0.0361
356,3,charter,1,76.45,0.4216
356,4,pier,0,455.95,0.0069
357,1,beach,0,12.87,0.0678
357,2,boat,1,12.87,0.2601
357,3,charter,0,37.87,0.5391
357,4,pier,0,12.87,0.0503
358,1,beach,0,119.262,0.2537
358,2,boat,0,235.95,0.0531
358,3,charter,1,260.95,0.0052
358,4,pier,0,119.262,0.1498
359,1,beach,0,15.87,0.0678
359,2,boat,1,15.87,0.2601
359,3,charter,0,40.87,0.5391
359,4,pier,0,15.87,0.0503
360,1,beach,0,24.87,0.0678
360,2,boat,1,24.87,0.2601
360,3,charter,0,49.87,0.5391
360,4,pier,0,24.87,0.0503
361,1,beach,0,46.45,0.0678
361,2,boat,0,27.87,0.1643
361,3,charter,1,56.87,0.0041
361,4,pier,0,46.45,0.0789
362,1,beach,1,4.122,0.0678
362,2,boat,0,4.122,0.2601
362,3,charter,0,29.122,0.5391
362,4,pier,0,4.122,0.0503
363,1,beach,0,4.122,0.0678
363,2,boat,0,4.122,0.2601
363,3,charter,0,29.122,0.5391
363,4,pier,1,4.122,0.0503
364,1,beach,0,130.832,0.0678
364,2,boat,1,130.832,0.2601
364,3,charter,0,155.832,0.5391
364,4,pier,0,130.832,0.0503
365,1,beach,0,119.554,0.1049
365,2,boat,1,73.002,0.0238
365,3,charter,0,97.002,0.0468
365,4,pier,0,119.554,0.0451
366,1,beach,0,45.402,0.0678
366,2,boat,1,74.354,0.0897
366,3,charter,0,109.354,1.0905
366,4,pier,0,45.402,0.0789
367,1,beach,0,45.402,0.0678
367,2,boat,0,74.354,0.0559
367,3,charter,1,109.354,0.6456
367,4,pier,0,45.402,0.0789
368,1,beach,0,119.554,0.1049
368,2,boat,1,73.002,0.1574
368,3,charter,0,97.002,0.4671
368,4,pier,0,119.554,0.0451
369,1,beach,0,31.602,0.0678
369,2,boat,0,51.754,0.0102
369,3,charter,1,86.754,0.0209
369,4,pier,0,31.602,0.0789
370,1,beach,0,106.714,0.5333
370,2,boat,0,31.602,0.0361
370,3,charter,1,66.602,0.4216
370,4,pier,0,106.714,0.0069
371,1,beach,1,37.098,0.0678
371,2,boat,0,37.098,0.1643
371,3,charter,0,66.098,0.5391
371,4,pier,0,37.098,0.0789
372,1,beach,0,20.898,0.0678
372,2,boat,0,20.898,0.1643
372,3,charter,0,49.898,0.5391
372,4,pier,1,20.898,0.0789
373,1,beach,0,393.66,0.5333
373,2,boat,0,154.548,0.0156
373,3,charter,1,189.548,0.0058
373,4,pier,0,393.66,0.4522
374,1,beach,0,177.66,0.5333
374,2,boat,0,69.748,0.0361
374,3,charter,1,104.748,0.4216
374,4,pier,0,177.66,0.0069
375,1,beach,0,26.832,0.0678
375,2,boat,0,26.832,0.1491
375,3,charter,1,51.832,0.2421
375,4,pier,0,26.832,0.0052
376,1,beach,0,110.032,0.0678
376,2,boat,0,110.032,0.2601
376,3,charter,1,135.032,0.5391
376,4,pier,0,110.032,0.0503
377,1,beach,0,151.632,0.0678
377,2,boat,1,236.196,0.0102
377,3,charter,0,271.196,0.0209
377,4,pier,0,151.632,0.0789
378,1,beach,0,511.596,0.1049
378,2,boat,1,328.432,0.0023
378,3,charter,0,352.432,0.0046
378,4,pier,0,511.596,0.0451
379,1,beach,0,353.498,0.5333
379,2,boat,0,130.832,0.2413
379,3,charter,1,165.832,1.0266
379,4,pier,0,353.498,0.4522
380,1,beach,0,68.432,0.0678
380,2,boat,1,106.596,0.0559
380,3,charter,0,141.596,0.6456
380,4,pier,0,68.432,0.0789
381,1,beach,0,90.948,0.0678
381,2,boat,0,90.948,0.0014
381,3,charter,0,119.948,0.0029
381,4,pier,1,90.948,0.0789
382,1,beach,0,132.99,0.1049
382,2,boat,1,90.948,0.0023
382,3,charter,0,114.948,0.0046
382,4,pier,0,132.99,0.0451
383,1,beach,0,90.948,0.0678
383,2,boat,0,132.99,0.0732
383,3,charter,1,162.49,0.1726
383,4,pier,0,90.948,0.0052
384,1,beach,0,65.016,0.5333
384,2,boat,0,26.574,0.2413
384,3,charter,1,61.574,1.0266
384,4,pier,0,65.016,0.4522
385,1,beach,0,216.216,0.5333
385,2,boat,0,88.374,0.0156
385,3,charter,1,123.374,0.0058
385,4,pier,0,216.216,0.4522
386,1,beach,0,319.302,0.1049
386,2,boat,1,247.86,0.0613
386,3,charter,0,271.86,0.3087
386,4,pier,0,319.302,0.0079
387,1,beach,0,295.422,0.1049
387,2,boat,1,115.196,0.1574
387,3,charter,0,139.196,0.4671
387,4,pier,0,295.422,0.0451
388,1,beach,0,150.174,0.0678
388,2,boat,0,170.586,0.1643
388,3,charter,0,199.586,0.5391
388,4,pier,1,150.174,0.0789
389,1,beach,0,367.416,0.5333
389,2,boat,0,150.174,0.2413
389,3,charter,1,185.174,1.0266
389,4,pier,0,367.416,0.4522
390,1,beach,0,170.774,0.0678
390,2,boat,0,218.856,0.0108
390,3,charter,1,253.856,0.2377
390,4,pier,0,170.774,0.0025
391,1,beach,0,88.374,0.0678
391,2,boat,0,113.256,0.0559
391,3,charter,1,148.256,0.6456
391,4,pier,0,88.374,0.0789
392,1,beach,1,47.174,0.0678
392,2,boat,0,53.586,0.1643
392,3,charter,0,82.586,0.5391
392,4,pier,0,47.174,0.0789
393,1,beach,0,129.574,0.0678
393,2,boat,0,147.186,0.1643
393,3,charter,0,176.186,0.5391
393,4,pier,1,129.574,0.0789
394,1,beach,0,108.974,0.0678
394,2,boat,0,123.786,0.1643
394,3,charter,0,152.786,0.5391
394,4,pier,1,108.974,0.0789
395,1,beach,0,569.016,0.5333
395,2,boat,0,232.574,0.2413
395,3,charter,1,267.574,1.0266
395,4,pier,0,569.016,0.4522
396,1,beach,0,88.374,0.0678
396,2,boat,0,100.386,0.1643
396,3,charter,1,129.386,0.5391
396,4,pier,0,88.374,0.0789
397,1,beach,0,317.016,0.5333
397,2,boat,0,129.574,0.1665
397,3,charter,1,164.574,0.3975
397,4,pier,0,317.016,0.4522
398,1,beach,0,106.596,0.2537
398,2,boat,0,168.448,0.6817
398,3,charter,1,193.448,2.3014
398,4,pier,0,106.596,0.1498
399,1,beach,0,140.714,0.0678
399,2,boat,0,159.758,0.0499
399,3,charter,1,188.758,0.2421
399,4,pier,0,140.714,0.0025
400,1,beach,0,171.396,0.1049
400,2,boat,1,140.714,0.1574
400,3,charter,0,164.714,0.4671
400,4,pier,0,171.396,0.0451
401,1,beach,0,171.396,0.2537
401,2,boat,1,270.848,0.0531
401,3,charter,0,295.848,0.0052
401,4,pier,0,171.396,0.1498
402,1,beach,0,107.916,0.0678
402,2,boat,0,138.598,0.0559
402,3,charter,1,173.598,0.6456
402,4,pier,0,107.916,0.0789
403,1,beach,0,115.736,0.1049
403,2,boat,1,79.254,0.0023
403,3,charter,0,103.254,0.0046
403,4,pier,0,115.736,0.0451
404,1,beach,0,266.696,0.5333
404,2,boat,0,79.254,0.0361
404,3,charter,1,114.254,0.4216
404,4,pier,0,266.696,0.0069
405,1,beach,0,86.658,0.1049
405,2,boat,1,37.752,0.0023
405,3,charter,0,61.752,0.0046
405,4,pier,0,86.658,0.0451
406,1,beach,0,58.05,0.5333
406,2,boat,1,11.352,0.0361
406,3,charter,0,46.352,0.4216
406,4,pier,0,58.05,0.0069
407,1,beach,0,86.658,0.1049
407,2,boat,1,37.752,0.0023
407,3,charter,0,61.752,0.0046
407,4,pier,0,86.658,0.0451
408,1,beach,0,85.698,0.1049
408,2,boat,0,60.306,0.0023
408,3,charter,1,84.306,0.0046
408,4,pier,0,85.698,0.0451
409,1,beach,0,212.658,0.5333
409,2,boat,0,60.306,0.0156
409,3,charter,1,95.306,0.0058
409,4,pier,0,212.658,0.4522
410,1,beach,0,212.658,0.5333
410,2,boat,0,60.306,0.0156
410,3,charter,1,95.306,0.0058
410,4,pier,0,212.658,0.4522
411,1,beach,0,69.498,0.1049
411,2,boat,0,48.906,0.0023
411,3,charter,1,72.906,0.0046
411,4,pier,0,69.498,0.0451
412,1,beach,1,85.698,0.2537
412,2,boat,0,85.698,0.0233
412,3,charter,0,104.198,0.0219
412,4,pier,0,85.698,0.1498
413,1,beach,0,53.298,0.1049
413,2,boat,1,37.506,0.1574
413,3,charter,0,61.506,0.4671
413,4,pier,0,53.298,0.0451
414,1,beach,0,172.458,0.5333
414,2,boat,1,48.906,0.2413
414,3,charter,0,83.906,1.0266
414,4,pier,0,172.458,0.4522
415,1,beach,0,212.658,0.5333
415,2,boat,0,60.306,0.0361
415,3,charter,1,95.306,0.4216
415,4,pier,0,212.658,0.0069
416,1,beach,0,224.296,0.5333
416,2,boat,0,66.654,0.2413
416,3,charter,0,101.654,1.0266
416,4,pier,1,224.296,0.4522
417,1,beach,0,34.874,0.0678
417,2,boat,0,34.874,0.1643
417,3,charter,0,63.874,0.5391
417,4,pier,1,34.874,0.0789
418,1,beach,0,360.126,0.5333
418,2,boat,0,77.274,0.0156
418,3,charter,1,112.274,0.0058
418,4,pier,0,360.126,0.4522
419,1,beach,0,34.874,0.0678
419,2,boat,0,34.874,0.0276
419,3,charter,1,59.874,0.0029
419,4,pier,0,34.874,0.0503
420,1,beach,0,261.326,0.5333
420,2,boat,0,56.074,0.0156
420,3,charter,1,91.074,0.0058
420,4,pier,0,261.326,0.4522
421,1,beach,0,66.674,0.0678
421,2,boat,0,154.734,0.0559
421,3,charter,1,189.734,0.6456
421,4,pier,0,66.674,0.0789
422,1,beach,0,77.274,0.0678
422,2,boat,0,77.274,0.0971
422,3,charter,1,106.274,0.1648
422,4,pier,0,77.274,0.0789
423,1,beach,0,266.616,0.5333
423,2,boat,0,108.974,0.2413
423,3,charter,1,143.974,1.0266
423,4,pier,0,266.616,0.4522
424,1,beach,0,191.334,0.5333
424,2,boat,0,64.35,0.2413
424,3,charter,1,99.35,1.0266
424,4,pier,0,191.334,0.4522
425,1,beach,0,253.174,0.1049
425,2,boat,1,184.35,0.0023
425,3,charter,0,208.35,0.0046
425,4,pier,0,253.174,0.0451
426,1,beach,0,191.334,0.5333
426,2,boat,0,64.35,0.0361
426,3,charter,1,99.35,0.4216
426,4,pier,0,191.334,0.0069
427,1,beach,0,49.35,0.0678
427,2,boat,1,67.774,0.0897
427,3,charter,0,102.774,1.0905
427,4,pier,0,49.35,0.0789
428,1,beach,0,191.334,0.5333
428,2,boat,1,64.35,0.0361
428,3,charter,0,99.35,0.4216
428,4,pier,0,191.334,0.0069
429,1,beach,0,102.134,0.5333
429,2,boat,1,34.35,0.0051
429,3,charter,0,69.35,1.0266
429,4,pier,0,102.134,0.4522
430,1,beach,0,191.334,0.5333
430,2,boat,0,64.35,0.1665
430,3,charter,1,99.35,0.3975
430,4,pier,0,191.334,0.4522
431,1,beach,0,146.734,0.5333
431,2,boat,0,49.35,0.0361
431,3,charter,1,84.35,0.4216
431,4,pier,0,146.734,0.0069
432,1,beach,0,235.934,0.5333
432,2,boat,0,79.35,0.0361
432,3,charter,1,114.35,0.4216
432,4,pier,0,235.934,0.0069
433,1,beach,0,34.35,0.0678
433,2,boat,0,38.014,0.1643
433,3,charter,0,67.014,0.5391
433,4,pier,1,34.35,0.0789
434,1,beach,0,67.774,0.1049
434,2,boat,0,49.35,0.0613
434,3,charter,1,73.35,0.3087
434,4,pier,0,67.774,0.0079
435,1,beach,0,20.152,0.0678
435,2,boat,0,20.152,0.1643
435,3,charter,0,49.152,0.5391
435,4,pier,1,20.152,0.0789
436,1,beach,0,74.354,0.1049
436,2,boat,1,45.402,0.0023
436,3,charter,0,69.402,0.0046
436,4,pier,0,74.354,0.0451
437,1,beach,0,191.334,0.5333
437,2,boat,1,64.35,0.2413
437,3,charter,0,99.35,1.0266
437,4,pier,0,191.334,0.4522
438,1,beach,0,322.218,0.5333
438,2,boat,0,94.77,0.1665
438,3,charter,1,129.77,0.3975
438,4,pier,0,322.218,0.4522
439,1,beach,0,189.618,0.5333
439,2,boat,1,55.77,0.2413
439,3,charter,0,90.77,1.0266
439,4,pier,0,189.618,0.4522
440,1,beach,0,489.804,0.5333
440,2,boat,0,59.682,0.2413
440,3,charter,1,94.682,1.0266
440,4,pier,0,489.804,0.4522
441,1,beach,0,75.012,0.1049
441,2,boat,0,19.082,0.0613
441,3,charter,1,43.082,0.3087
441,4,pier,0,75.012,0.0079
442,1,beach,0,251.804,0.5333
442,2,boat,0,30.682,0.2413
442,3,charter,1,65.682,1.0266
442,4,pier,0,251.804,0.4522
443,1,beach,0,36.482,0.0678
443,2,boat,0,36.482,0.2601
443,3,charter,1,61.482,0.5391
443,4,pier,0,36.482,0.0503
444,1,beach,0,13.282,0.0678
444,2,boat,0,13.282,0.1643
444,3,charter,0,42.282,0.5391
444,4,pier,1,13.282,0.0789
445,1,beach,0,322.048,0.5333
445,2,boat,1,167.314,0.1665
445,3,charter,0,202.314,0.3975
445,4,pier,0,322.048,0.4522
446,1,beach,1,74.196,0.2537
446,2,boat,0,74.196,8e-04
446,3,charter,0,92.696,0.0027
446,4,pier,0,74.196,0.1498
447,1,beach,0,578.048,0.5333
447,2,boat,0,300.314,0.2413
447,3,charter,1,335.314,1.0266
447,4,pier,0,578.048,0.4522
448,1,beach,0,138.996,0.1049
448,2,boat,0,114.114,0.1574
448,3,charter,1,138.114,0.4671
448,4,pier,0,138.996,0.0451
449,1,beach,0,197.34,0.5333
449,2,boat,0,42.9,0.0361
449,3,charter,1,77.9,0.4216
449,4,pier,0,197.34,0.0069
450,1,beach,0,233.818,0.5333
450,2,boat,1,68.77,0.0156
450,3,charter,0,103.77,0.0058
450,4,pier,0,233.818,0.4522
451,1,beach,0,133.77,0.0678
451,2,boat,0,133.77,0.1491
451,3,charter,1,158.77,0.2421
451,4,pier,0,133.77,0.0052
452,1,beach,0,94.77,0.0678
452,2,boat,0,94.77,0.1643
452,3,charter,0,123.77,0.5391
452,4,pier,1,94.77,0.0789
453,1,beach,0,133.77,0.0678
453,2,boat,0,133.77,0.0276
453,3,charter,1,158.77,0.0029
453,4,pier,0,133.77,0.0503
454,1,beach,0,127.058,0.1049
454,2,boat,1,81.77,0.0613
454,3,charter,0,105.77,0.3087
454,4,pier,0,127.058,0.0079
455,1,beach,0,47.174,0.1049
455,2,boat,0,34.35,0.0613
455,3,charter,1,58.35,0.3087
455,4,pier,0,47.174,0.0079
456,1,beach,1,109.35,0.0678
456,2,boat,0,121.014,0.1643
456,3,charter,0,150.014,0.5391
456,4,pier,0,109.35,0.0789
457,1,beach,0,154.214,0.0678
457,2,boat,1,154.214,0.2601
457,3,charter,0,179.214,0.5391
457,4,pier,0,154.214,0.0503
458,1,beach,0,253.174,0.1049
458,2,boat,0,184.35,0.0613
458,3,charter,1,208.35,0.3087
458,4,pier,0,253.174,0.0079
459,1,beach,0,181.896,0.5333
459,2,boat,0,54.054,0.2413
459,3,charter,1,89.054,1.0266
459,4,pier,0,181.896,0.4522
460,1,beach,0,78.936,0.1049
460,2,boat,1,54.054,0.0023
460,3,charter,0,78.054,0.0046
460,4,pier,0,78.936,0.0451
461,1,beach,0,104.454,0.0678
461,2,boat,1,127.666,0.0014
461,3,charter,0,156.666,0.0029
461,4,pier,0,104.454,0.0789
462,1,beach,0,373.05,0.5333
462,2,boat,0,72.952,0.2413
462,3,charter,1,107.952,1.0266
462,4,pier,0,373.05,0.4522
463,1,beach,0,45.474,0.0678
463,2,boat,1,45.474,0.1491
463,3,charter,0,70.474,0.2421
463,4,pier,0,45.474,0.0052
464,1,beach,0,45.474,0.0678
464,2,boat,0,45.474,0.1643
464,3,charter,0,74.474,0.0041
464,4,pier,1,45.474,0.0789
465,1,beach,0,106.858,0.1049
465,2,boat,0,68.77,0.0023
465,3,charter,1,92.77,0.0046
465,4,pier,0,106.858,0.0451
466,1,beach,0,233.818,0.5333
466,2,boat,1,68.77,0.0361
466,3,charter,0,103.77,0.4216
466,4,pier,0,233.818,0.0069
467,1,beach,0,147.258,0.1049
467,2,boat,1,94.77,0.0023
467,3,charter,0,118.77,0.0046
467,4,pier,0,147.258,0.0451
468,1,beach,0,147.258,0.1049
468,2,boat,1,94.77,0.0238
468,3,charter,0,118.77,0.0468
468,4,pier,0,147.258,0.0451
469,1,beach,0,189.618,0.5333
469,2,boat,0,55.77,0.2413
469,3,charter,1,90.77,1.0266
469,4,pier,0,189.618,0.4522
470,1,beach,0,66.458,0.1049
470,2,boat,0,42.77,0.0613
470,3,charter,1,66.77,0.3087
470,4,pier,0,66.458,0.0079
471,1,beach,0,278.018,0.5333
471,2,boat,1,81.77,0.1665
471,3,charter,0,116.77,0.3975
471,4,pier,0,278.018,0.4522
472,1,beach,0,233.818,0.5333
472,2,boat,0,68.77,0.0156
472,3,charter,1,103.77,0.0058
472,4,pier,0,233.818,0.4522
473,1,beach,0,66.458,0.1049
473,2,boat,0,42.77,0.0238
473,3,charter,1,66.77,0.0468
473,4,pier,0,66.458,0.0451
474,1,beach,0,278.018,0.5333
474,2,boat,0,81.77,0.0361
474,3,charter,1,116.77,0.4216
474,4,pier,0,278.018,0.0069
475,1,beach,0,55.77,0.0678
475,2,boat,0,55.77,0.1491
475,3,charter,1,80.77,0.2421
475,4,pier,0,55.77,0.0052
476,1,beach,0,68.77,0.0678
476,2,boat,0,68.77,0.1643
476,3,charter,0,97.77,0.5391
476,4,pier,1,68.77,0.0789
477,1,beach,0,42.282,0.0678
477,2,boat,1,166.212,0.0897
477,3,charter,0,201.212,1.0905
477,4,pier,0,42.282,0.0789
478,1,beach,0,36.482,0.0678
478,2,boat,1,36.482,0.1643
478,3,charter,0,65.482,0.5391
478,4,pier,0,36.482,0.0789
479,1,beach,0,13.282,0.0678
479,2,boat,0,13.282,0.2601
479,3,charter,1,38.282,0.5391
479,4,pier,0,13.282,0.0503
480,1,beach,0,97.812,0.1049
480,2,boat,1,24.882,0.0023
480,3,charter,0,48.882,0.0046
480,4,pier,0,97.812,0.0451
481,1,beach,0,36.482,0.0678
481,2,boat,1,36.482,0.0499
481,3,charter,0,65.482,0.2421
481,4,pier,0,36.482,0.0025
482,1,beach,0,13.282,0.0678
482,2,boat,0,13.282,0.023
482,3,charter,1,38.282,0.1648
482,4,pier,0,13.282,0.0503
483,1,beach,0,108.974,0.0678
483,2,boat,0,139.656,0.0559
483,3,charter,1,174.656,0.6456
483,4,pier,0,108.974,0.0789
484,1,beach,0,216.216,0.5333
484,2,boat,0,88.374,0.0361
484,3,charter,1,123.374,0.4216
484,4,pier,0,216.216,0.0069
485,1,beach,0,139.656,0.1049
485,2,boat,1,108.974,0.1574
485,3,charter,0,132.974,0.4671
485,4,pier,0,139.656,0.0451
486,1,beach,0,113.256,0.1049
486,2,boat,0,88.374,0.0023
486,3,charter,1,112.374,0.0046
486,4,pier,0,113.256,0.0451
487,1,beach,0,129.574,0.0678
487,2,boat,0,147.186,0.1643
487,3,charter,0,176.186,0.5391
487,4,pier,1,129.574,0.0789
488,1,beach,0,146.734,0.5333
488,2,boat,0,49.35,0.0361
488,3,charter,1,84.35,0.4216
488,4,pier,0,146.734,0.0069
489,1,beach,1,87.814,0.0678
489,2,boat,0,87.814,0.2601
489,3,charter,0,112.814,0.5391
489,4,pier,0,87.814,0.0503
490,1,beach,0,414.334,0.5333
490,2,boat,0,139.35,0.2413
490,3,charter,1,174.35,1.0266
490,4,pier,0,414.334,0.4522
491,1,beach,0,94.35,0.0678
491,2,boat,1,104.414,0.1643
491,3,charter,0,133.414,0.5391
491,4,pier,0,94.35,0.0789
492,1,beach,1,66.654,0.0678
492,2,boat,0,81.466,0.1643
492,3,charter,0,110.466,0.5391
492,4,pier,0,66.654,0.0789
493,1,beach,0,41.454,0.0678
493,2,boat,0,50.666,0.1643
493,3,charter,1,79.666,0.5391
493,4,pier,0,41.454,0.0789
494,1,beach,0,351.496,0.5333
494,2,boat,1,104.454,0.0156
494,3,charter,0,139.454,0.0058
494,4,pier,0,351.496,0.4522
495,1,beach,0,41.454,0.0678
495,2,boat,0,50.666,0.0499
495,3,charter,0,79.666,0.2421
495,4,pier,1,41.454,0.0025
496,1,beach,0,91.854,0.0678
496,2,boat,0,112.266,0.0014
496,3,charter,0,141.266,0.0029
496,4,pier,1,91.854,0.0789
497,1,beach,0,115.736,0.1049
497,2,boat,0,79.254,0.0613
497,3,charter,1,103.254,0.3087
497,4,pier,0,115.736,0.0079
498,1,beach,0,41.454,0.0678
498,2,boat,0,60.536,0.0559
498,3,charter,1,95.536,0.6456
498,4,pier,0,41.454,0.0789
499,1,beach,0,50.666,0.0678
499,2,boat,0,60.536,0.0732
499,3,charter,1,90.036,0.1726
499,4,pier,0,50.666,0.0052
500,1,beach,0,139.496,0.5333
500,2,boat,0,41.454,0.0156
500,3,charter,1,76.454,0.0058
500,4,pier,0,139.496,0.4522
501,1,beach,0,351.496,0.5333
501,2,boat,0,104.454,0.0361
501,3,charter,1,139.454,0.4216
501,4,pier,0,351.496,0.0069
502,1,beach,0,54.054,0.0678
502,2,boat,0,66.066,0.1643
502,3,charter,0,95.066,0.5391
502,4,pier,1,54.054,0.0789
503,1,beach,0,181.896,0.5333
503,2,boat,0,54.054,0.2413
503,3,charter,1,89.054,1.0266
503,4,pier,0,181.896,0.4522
504,1,beach,0,28.854,0.0678
504,2,boat,0,35.266,0.0499
504,3,charter,1,64.266,0.2421
504,4,pier,0,28.854,0.0025
505,1,beach,0,23.736,0.2537
505,2,boat,0,23.736,0.0233
505,3,charter,0,42.236,0.0219
505,4,pier,1,23.736,0.1498
506,1,beach,0,54.696,0.5333
506,2,boat,0,16.254,0.0156
506,3,charter,1,51.254,0.0058
506,4,pier,0,54.696,0.4522
507,1,beach,0,28.854,0.0678
507,2,boat,1,35.266,0.0014
507,3,charter,0,64.266,0.0029
507,4,pier,0,28.854,0.0789
508,1,beach,0,56.074,0.0678
508,2,boat,0,92.046,0.0102
508,3,charter,1,127.046,0.0209
508,4,pier,0,56.074,0.0789
509,1,beach,0,260.406,0.5333
509,2,boat,0,66.674,0.0156
509,3,charter,1,101.674,0.0058
509,4,pier,0,260.406,0.4522
510,1,beach,0,301.806,0.5333
510,2,boat,0,77.274,0.1665
510,3,charter,1,112.274,0.3975
510,4,pier,0,301.806,0.4522
511,1,beach,0,34.874,0.0678
511,2,boat,1,44.086,0.0971
511,3,charter,0,73.086,0.1648
511,4,pier,0,34.874,0.0789
512,1,beach,0,92.046,0.1049
512,2,boat,0,56.074,0.0238
512,3,charter,1,80.074,0.0468
512,4,pier,0,92.046,0.0451
513,1,beach,0,384.606,0.5333
513,2,boat,1,98.474,0.2413
513,3,charter,0,133.474,1.0266
513,4,pier,0,384.606,0.4522
514,1,beach,0,260.406,0.5333
514,2,boat,0,66.674,0.0156
514,3,charter,1,101.674,0.0058
514,4,pier,0,260.406,0.4522
515,1,beach,0,34.874,0.0678
515,2,boat,0,44.086,0.0014
515,3,charter,0,73.086,0.0029
515,4,pier,1,34.874,0.0789
516,1,beach,1,97.686,0.0678
516,2,boat,0,97.686,0.1491
516,3,charter,0,122.686,0.2421
516,4,pier,0,97.686,0.0052
517,1,beach,1,44.086,0.0678
517,2,boat,0,44.086,0.2601
517,3,charter,0,69.086,0.5391
517,4,pier,0,44.086,0.0503
518,1,beach,0,53.406,0.5333
518,2,boat,0,13.674,0.0156
518,3,charter,1,48.674,0.0058
518,4,pier,0,53.406,0.4522
519,1,beach,0,74.646,0.2537
519,2,boat,0,177.606,0.0531
519,3,charter,1,202.606,0.0052
519,4,pier,0,74.646,0.1498
520,1,beach,0,144.246,0.2537
520,2,boat,0,144.246,0.0233
520,3,charter,0,162.746,0.0219
520,4,pier,1,144.246,0.1498
521,1,beach,0,92.046,0.2537
521,2,boat,0,219.006,0.6817
521,3,charter,1,244.006,2.3014
521,4,pier,0,92.046,0.1498
522,1,beach,0,136.206,0.5333
522,2,boat,0,34.874,0.1665
522,3,charter,0,69.874,0.3975
522,4,pier,1,136.206,0.4522
523,1,beach,0,144.246,0.1049
523,2,boat,1,87.874,0.0023
523,3,charter,0,111.874,0.0046
523,4,pier,0,144.246,0.0451
524,1,beach,1,56.074,0.0678
524,2,boat,0,70.886,0.1643
524,3,charter,0,99.886,0.5391
524,4,pier,0,56.074,0.0789
525,1,beach,0,167.374,0.0678
525,2,boat,0,211.586,0.1643
525,3,charter,1,240.586,0.5391
525,4,pier,0,167.374,0.0789
526,1,beach,0,136.206,0.5333
526,2,boat,0,34.874,0.0361
526,3,charter,1,69.874,0.4216
526,4,pier,0,136.206,0.0069
527,1,beach,0,260.406,0.5333
527,2,boat,0,66.674,0.2413
527,3,charter,1,101.674,1.0266
527,4,pier,0,260.406,0.4522
528,1,beach,0,343.206,0.5333
528,2,boat,1,87.874,0.1665
528,3,charter,0,122.874,0.3975
528,4,pier,0,343.206,0.4522
529,1,beach,0,74.646,0.2537
529,2,boat,0,177.606,0.6817
529,3,charter,1,202.606,2.3014
529,4,pier,0,74.646,0.1498
530,1,beach,0,233.818,0.5333
530,2,boat,1,68.77,0.2413
530,3,charter,0,103.77,1.0266
530,4,pier,0,233.818,0.4522
531,1,beach,0,343.206,0.5333
531,2,boat,0,87.874,0.0051
531,3,charter,1,122.874,1.0266
531,4,pier,0,343.206,0.4522
532,1,beach,0,219.006,0.5333
532,2,boat,0,56.074,0.2413
532,3,charter,1,91.074,1.0266
532,4,pier,0,219.006,0.4522
533,1,beach,0,87.874,0.0678
533,2,boat,0,111.086,0.0499
533,3,charter,0,140.086,0.2421
533,4,pier,1,87.874,0.0025
534,1,beach,0,177.606,0.5333
534,2,boat,0,45.474,0.0156
534,3,charter,1,80.474,0.0058
534,4,pier,0,177.606,0.4522
535,1,beach,0,104.048,0.1049
535,2,boat,1,70.604,0.1574
535,3,charter,0,94.604,0.4671
535,4,pier,0,104.048,0.0451
536,1,beach,0,151.008,0.5333
536,2,boat,0,32.604,0.0156
536,3,charter,1,67.604,0.0058
536,4,pier,0,151.008,0.4522
537,1,beach,0,101.004,0.0678
537,2,boat,0,212.64,0.0971
537,3,charter,1,241.64,0.1648
537,4,pier,0,101.004,0.0789
538,1,beach,0,115.808,0.5333
538,2,boat,0,25.004,0.2413
538,3,charter,1,60.004,1.0266
538,4,pier,0,115.808,0.4522
539,1,beach,0,386.464,0.5333
539,2,boat,0,42.734,0.2413
539,3,charter,1,77.734,1.0266
539,4,pier,0,386.464,0.4522
540,1,beach,0,428.064,0.5333
540,2,boat,1,47.334,0.0361
540,3,charter,0,82.334,0.4216
540,4,pier,0,428.064,0.0069
541,1,beach,0,72.072,0.1049
541,2,boat,0,19.734,0.0023
541,3,charter,1,43.734,0.0046
541,4,pier,0,72.072,0.0451
542,1,beach,0,88.872,0.1049
542,2,boat,0,24.334,0.0613
542,3,charter,1,48.334,0.3087
542,4,pier,0,88.872,0.0079
543,1,beach,0,305.072,0.5333
543,2,boat,1,19.896,0.0361
543,3,charter,0,54.896,0.4216
543,4,pier,0,305.072,0.0069
544,1,beach,0,305.072,0.5333
544,2,boat,1,19.896,0.0361
544,3,charter,0,54.896,0.4216
544,4,pier,0,305.072,0.0069
545,1,beach,0,54.912,0.1049
545,2,boat,1,10.296,0.0613
545,3,charter,0,34.296,0.3087
545,4,pier,0,54.912,0.0079
546,1,beach,0,157.872,0.5333
546,2,boat,1,10.296,0.0361
546,3,charter,0,45.296,0.4216
546,4,pier,0,157.872,0.0069
547,1,beach,0,268.272,0.5333
547,2,boat,1,17.496,0.2413
547,3,charter,0,52.496,1.0266
547,4,pier,0,268.272,0.4522
548,1,beach,0,84.272,0.5333
548,2,boat,0,5.496,0.2413
548,3,charter,1,40.496,1.0266
548,4,pier,0,84.272,0.4522
549,1,beach,0,10.534,0.0678
549,2,boat,0,13.74,0.1643
549,3,charter,0,42.74,0.5391
549,4,pier,1,10.534,0.0789
550,1,beach,0,24.334,0.0678
550,2,boat,0,31.74,0.0499
550,3,charter,0,60.74,0.2421
550,4,pier,1,24.334,0.0025
551,1,beach,1,15.134,0.0678
551,2,boat,0,19.74,0.1643
551,3,charter,0,48.74,0.5391
551,4,pier,0,15.134,0.0789
552,1,beach,0,88.872,0.1049
552,2,boat,1,24.334,0.0023
552,3,charter,0,48.334,0.0046
552,4,pier,0,88.872,0.0451
553,1,beach,0,38.134,0.0678
553,2,boat,0,49.74,0.0499
553,3,charter,0,78.74,0.2421
553,4,pier,1,38.134,0.0025
554,1,beach,0,88.872,0.1049
554,2,boat,1,24.334,0.1574
554,3,charter,0,48.334,0.4671
554,4,pier,0,88.872,0.0451
555,1,beach,0,72.072,0.1049
555,2,boat,0,19.734,0.0023
555,3,charter,1,43.734,0.0046
555,4,pier,0,72.072,0.0451
556,1,beach,0,157.872,0.5333
556,2,boat,0,10.296,0.0156
556,3,charter,1,45.296,0.0058
556,4,pier,0,157.872,0.4522
557,1,beach,0,581.072,0.5333
557,2,boat,1,37.896,0.2413
557,3,charter,0,72.896,1.0266
557,4,pier,0,581.072,0.4522
558,1,beach,0,341.872,0.5333
558,2,boat,0,22.296,0.0361
558,3,charter,1,57.296,0.4216
558,4,pier,0,341.872,0.0069
559,1,beach,0,268.272,0.5333
559,2,boat,0,17.496,0.0156
559,3,charter,1,52.496,0.0058
559,4,pier,0,268.272,0.4522
560,1,beach,0,341.872,0.5333
560,2,boat,0,22.296,0.1665
560,3,charter,1,57.296,0.3975
560,4,pier,0,341.872,0.4522
561,1,beach,1,17.496,0.0678
561,2,boat,0,78.732,0.0014
561,3,charter,0,107.732,0.0029
561,4,pier,0,17.496,0.0789
562,1,beach,0,194.672,0.5333
562,2,boat,0,12.696,0.0051
562,3,charter,1,47.696,1.0266
562,4,pier,0,194.672,0.4522
563,1,beach,0,67.712,0.1049
563,2,boat,1,12.696,2e-04
563,3,charter,0,36.696,0.0021
563,4,pier,0,67.712,0.0451
564,1,beach,0,67.712,0.1049
564,2,boat,1,12.696,0.0613
564,3,charter,0,36.696,0.3087
564,4,pier,0,67.712,0.0079
565,1,beach,0,42.112,0.1049
565,2,boat,1,7.896,0.0023
565,3,charter,0,31.896,0.0046
565,4,pier,0,42.112,0.0451
566,1,beach,0,157.872,0.5333
566,2,boat,1,10.296,0.2413
566,3,charter,0,45.296,1.0266
566,4,pier,0,157.872,0.4522
567,1,beach,0,12.696,0.0678
567,2,boat,0,57.132,0.1643
567,3,charter,0,86.132,0.5391
567,4,pier,1,12.696,0.0789
568,1,beach,1,89.532,0.0678
568,2,boat,0,89.532,0.023
568,3,charter,0,114.532,0.1648
568,4,pier,0,89.532,0.0503
569,1,beach,0,46.332,0.0678
569,2,boat,1,46.332,0.1491
569,3,charter,0,71.332,0.2421
569,4,pier,0,46.332,0.0052
570,1,beach,0,106.112,0.1049
570,2,boat,1,19.896,0.0023
570,3,charter,0,43.896,0.0046
570,4,pier,0,106.112,0.0451
571,1,beach,0,22.296,0.0678
571,2,boat,0,100.332,0.1643
571,3,charter,0,129.332,0.5391
571,4,pier,1,22.296,0.0789
572,1,beach,0,121.072,0.5333
572,2,boat,0,7.896,0.2413
572,3,charter,1,42.896,1.0266
572,4,pier,0,121.072,0.4522
573,1,beach,0,121.072,0.5333
573,2,boat,0,7.896,0.1665
573,3,charter,1,42.896,0.3975
573,4,pier,0,121.072,0.4522
574,1,beach,0,93.312,0.1049
574,2,boat,1,17.496,0.1574
574,3,charter,0,41.496,0.4671
574,4,pier,0,93.312,0.0451
575,1,beach,0,54.912,0.1049
575,2,boat,1,10.296,0.0023
575,3,charter,0,34.296,0.0046
575,4,pier,0,54.912,0.0451
576,1,beach,0,80.512,0.1049
576,2,boat,1,15.096,0.0613
576,3,charter,0,39.096,0.3087
576,4,pier,0,80.512,0.0079
577,1,beach,0,67.712,0.1049
577,2,boat,1,12.696,0.0023
577,3,charter,0,36.696,0.0046
577,4,pier,0,67.712,0.0451
578,1,beach,0,54.912,0.1049
578,2,boat,0,10.296,0.0613
578,3,charter,1,34.296,0.3087
578,4,pier,0,54.912,0.0079
579,1,beach,0,415.472,0.5333
579,2,boat,1,27.096,0.0156
579,3,charter,0,62.096,0.0058
579,4,pier,0,415.472,0.4522
580,1,beach,0,95.264,0.5333
580,2,boat,0,10.534,0.0361
580,3,charter,1,45.534,0.4216
580,4,pier,0,95.264,0.0069
581,1,beach,1,37.896,0.0678
581,2,boat,0,170.532,0.0014
581,3,charter,0,199.532,0.0029
581,4,pier,0,37.896,0.0789
582,1,beach,0,121.072,0.5333
582,2,boat,0,7.896,0.0361
582,3,charter,1,42.896,0.4216
582,4,pier,0,121.072,0.0069
583,1,beach,0,54.912,0.1049
583,2,boat,0,10.296,0.0023
583,3,charter,1,34.296,0.0046
583,4,pier,0,54.912,0.0451
584,1,beach,0,268.272,0.5333
584,2,boat,0,17.496,0.0361
584,3,charter,1,52.496,0.4216
584,4,pier,0,268.272,0.0069
585,1,beach,0,157.872,0.5333
585,2,boat,1,10.296,0.0051
585,3,charter,0,45.296,1.0266
585,4,pier,0,157.872,0.4522
586,1,beach,0,157.872,0.5333
586,2,boat,1,10.296,0.0156
586,3,charter,0,45.296,0.0058
586,4,pier,0,157.872,0.4522
587,1,beach,0,80.512,0.1049
587,2,boat,1,15.096,0.1574
587,3,charter,0,39.096,0.4671
587,4,pier,0,80.512,0.0451
588,1,beach,1,10.296,0.0678
588,2,boat,0,46.332,0.1643
588,3,charter,0,75.332,0.5391
588,4,pier,0,10.296,0.0789
589,1,beach,0,106.112,0.2537
589,2,boat,0,305.072,0.0531
589,3,charter,1,330.072,0.0052
589,4,pier,0,106.112,0.1498
590,1,beach,0,157.872,0.5333
590,2,boat,0,10.296,0.1665
590,3,charter,1,45.296,0.3975
590,4,pier,0,157.872,0.4522
591,1,beach,0,89.532,0.0678
591,2,boat,1,106.112,0.0143
591,3,charter,0,135.612,0.0289
591,4,pier,0,89.532,0.0503
592,1,beach,0,54.912,0.1049
592,2,boat,1,10.296,0.0023
592,3,charter,0,34.296,0.0046
592,4,pier,0,54.912,0.0451
593,1,beach,0,231.472,0.5333
593,2,boat,1,15.096,0.0156
593,3,charter,0,50.096,0.0058
593,4,pier,0,231.472,0.4522
594,1,beach,0,268.272,0.5333
594,2,boat,1,17.496,0.0361
594,3,charter,0,52.496,0.4216
594,4,pier,0,268.272,0.0069
595,1,beach,0,157.312,0.1049
595,2,boat,0,29.496,0.0023
595,3,charter,1,53.496,0.0046
595,4,pier,0,157.312,0.0451
596,1,beach,0,121.072,0.5333
596,2,boat,0,7.896,0.0361
596,3,charter,1,42.896,0.4216
596,4,pier,0,121.072,0.0069
597,1,beach,0,231.472,0.5333
597,2,boat,0,15.096,0.0361
597,3,charter,1,50.096,0.4216
597,4,pier,0,231.472,0.0069
598,1,beach,0,341.872,0.5333
598,2,boat,1,22.296,0.0361
598,3,charter,0,57.296,0.4216
598,4,pier,0,341.872,0.0069
599,1,beach,0,80.512,0.1049
599,2,boat,1,15.096,0.1574
599,3,charter,0,39.096,0.4671
599,4,pier,0,80.512,0.0451
600,1,beach,0,344.864,0.5333
600,2,boat,0,38.134,0.2413
600,3,charter,1,73.134,1.0266
600,4,pier,0,344.864,0.4522
601,1,beach,0,220.064,0.5333
601,2,boat,0,24.334,0.0156
601,3,charter,1,59.334,0.0058
601,4,pier,0,220.064,0.4522
602,1,beach,0,122.472,0.1049
602,2,boat,0,33.534,0.0613
602,3,charter,1,57.534,0.3087
602,4,pier,0,122.472,0.0079
603,1,beach,0,72.072,0.1049
603,2,boat,0,19.734,0.0023
603,3,charter,1,43.734,0.0046
603,4,pier,0,72.072,0.0451
604,1,beach,1,5.934,0.0678
604,2,boat,0,7.74,0.0014
604,3,charter,0,36.74,0.0029
604,4,pier,0,5.934,0.0789
605,1,beach,0,136.864,0.5333
605,2,boat,0,15.134,0.0156
605,3,charter,1,50.134,0.0058
605,4,pier,0,136.864,0.4522
606,1,beach,0,136.864,0.5333
606,2,boat,0,15.134,0.0156
606,3,charter,1,50.134,0.0058
606,4,pier,0,136.864,0.4522
607,1,beach,0,136.864,0.5333
607,2,boat,1,15.134,0.2413
607,3,charter,0,50.134,1.0266
607,4,pier,0,136.864,0.4522
608,1,beach,0,95.264,0.5333
608,2,boat,0,10.534,0.0361
608,3,charter,1,45.534,0.4216
608,4,pier,0,95.264,0.0069
609,1,beach,0,223.272,0.1049
609,2,boat,1,61.134,0.0613
609,3,charter,0,85.134,0.3087
609,4,pier,0,223.272,0.0079
610,1,beach,0,386.464,0.5333
610,2,boat,1,42.734,0.0361
610,3,charter,0,77.734,0.4216
610,4,pier,0,386.464,0.0069
611,1,beach,0,303.264,0.5333
611,2,boat,0,33.534,0.2413
611,3,charter,1,68.534,1.0266
611,4,pier,0,303.264,0.4522
612,1,beach,1,24.334,0.0678
612,2,boat,0,31.74,0.1643
612,3,charter,0,60.74,0.5391
612,4,pier,0,24.334,0.0789
613,1,beach,0,72.072,0.1049
613,2,boat,0,19.734,0.0613
613,3,charter,1,43.734,0.3087
613,4,pier,0,72.072,0.0079
614,1,beach,0,265.272,0.1049
614,2,boat,1,72.634,0.0613
614,3,charter,0,96.634,0.3087
614,4,pier,0,265.272,0.0079
615,1,beach,0,178.464,0.5333
615,2,boat,1,19.734,0.2413
615,3,charter,0,54.734,1.0266
615,4,pier,0,178.464,0.4522
616,1,beach,0,54.912,0.1049
616,2,boat,0,10.296,0.1574
616,3,charter,1,34.296,0.4671
616,4,pier,0,54.912,0.0451
617,1,beach,0,22.296,0.0678
617,2,boat,0,100.332,0.1643
617,3,charter,0,129.332,0.5391
617,4,pier,1,22.296,0.0789
618,1,beach,0,581.072,0.5333
618,2,boat,1,37.896,0.2413
618,3,charter,0,72.896,1.0266
618,4,pier,0,581.072,0.4522
619,1,beach,0,67.712,0.1049
619,2,boat,1,12.696,0.1574
619,3,charter,0,36.696,0.4671
619,4,pier,0,67.712,0.0451
620,1,beach,0,93.312,0.1049
620,2,boat,1,17.496,0.0238
620,3,charter,0,41.496,0.0468
620,4,pier,0,93.312,0.0451
621,1,beach,1,93.312,0.2537
621,2,boat,0,93.312,0.0233
621,3,charter,0,111.812,0.0219
621,4,pier,0,93.312,0.1498
622,1,beach,0,220.064,0.5333
622,2,boat,0,24.334,0.0156
622,3,charter,1,59.334,0.0058
622,4,pier,0,220.064,0.4522
623,1,beach,0,178.464,0.5333
623,2,boat,0,19.734,0.2413
623,3,charter,1,54.734,1.0266
623,4,pier,0,178.464,0.4522
624,1,beach,0,265.272,0.1049
624,2,boat,1,72.634,0.1574
624,3,charter,0,96.634,0.4671
624,4,pier,0,265.272,0.0451
625,1,beach,0,56.534,0.0678
625,2,boat,0,73.74,0.1643
625,3,charter,0,102.74,0.5391
625,4,pier,1,56.534,0.0789
626,1,beach,0,122.472,0.1049
626,2,boat,0,33.534,0.0238
626,3,charter,1,57.534,0.0468
626,4,pier,0,122.472,0.0451
627,1,beach,1,15.134,0.0678
627,2,boat,0,19.74,0.1643
627,3,charter,0,48.74,0.5391
627,4,pier,0,15.134,0.0789
628,1,beach,0,261.664,0.5333
628,2,boat,1,28.934,0.0361
628,3,charter,0,63.934,0.4216
628,4,pier,0,261.664,0.0069
629,1,beach,1,42.734,0.0678
629,2,boat,0,55.74,0.1643
629,3,charter,0,84.74,0.5391
629,4,pier,0,42.734,0.0789
630,1,beach,0,189.672,0.1049
630,2,boat,1,51.934,0.0023
630,3,charter,0,75.934,0.0046
630,4,pier,0,189.672,0.0451
631,1,beach,0,344.864,0.5333
631,2,boat,1,38.134,0.2413
631,3,charter,0,73.134,1.0266
631,4,pier,0,344.864,0.4522
632,1,beach,0,54.912,0.1049
632,2,boat,1,10.296,0.0023
632,3,charter,0,34.296,0.0046
632,4,pier,0,54.912,0.0451
633,1,beach,0,157.872,0.5333
633,2,boat,1,10.296,0.0361
633,3,charter,0,45.296,0.4216
633,4,pier,0,157.872,0.0069
634,1,beach,0,415.472,0.5333
634,2,boat,0,27.096,0.0361
634,3,charter,1,62.096,0.4216
634,4,pier,0,415.472,0.0069
635,1,beach,0,581.072,0.5333
635,2,boat,1,37.896,0.0156
635,3,charter,0,72.896,0.0058
635,4,pier,0,581.072,0.4522
636,1,beach,0,378.672,0.5333
636,2,boat,0,24.696,0.1665
636,3,charter,1,59.696,0.3975
636,4,pier,0,378.672,0.4522
637,1,beach,0,19.896,0.0678
637,2,boat,1,106.112,0.0108
637,3,charter,0,141.112,0.2377
637,4,pier,0,19.896,0.0025
638,1,beach,0,67.712,0.1049
638,2,boat,0,12.696,0.0238
638,3,charter,1,36.696,0.0468
638,4,pier,0,67.712,0.0451
639,1,beach,0,17.496,0.0678
639,2,boat,0,78.732,0.0499
639,3,charter,0,107.732,0.2421
639,4,pier,1,17.496,0.0025
640,1,beach,0,452.272,0.5333
640,2,boat,1,29.496,0.2413
640,3,charter,0,64.496,1.0266
640,4,pier,0,452.272,0.4522
641,1,beach,0,93.312,0.1049
641,2,boat,0,17.496,0.0613
641,3,charter,1,41.496,0.3087
641,4,pier,0,93.312,0.0079
642,1,beach,0,12.696,0.0678
642,2,boat,0,57.132,0.1643
642,3,charter,0,86.132,0.5391
642,4,pier,1,12.696,0.0789
643,1,beach,0,202.112,0.1049
643,2,boat,1,37.896,0.0023
643,3,charter,0,61.896,0.0046
643,4,pier,0,202.112,0.0451
644,1,beach,0,489.072,0.5333
644,2,boat,0,31.896,0.2413
644,3,charter,1,66.896,1.0266
644,4,pier,0,489.072,0.4522
645,1,beach,0,54.912,0.1049
645,2,boat,1,10.296,0.0613
645,3,charter,0,34.296,0.3087
645,4,pier,0,54.912,0.0079
646,1,beach,0,5.496,0.0678
646,2,boat,0,24.732,0.0499
646,3,charter,0,53.732,0.2421
646,4,pier,1,5.496,0.0025
647,1,beach,0,10.296,0.0678
647,2,boat,0,54.912,0.0897
647,3,charter,1,89.912,1.0905
647,4,pier,0,10.296,0.0789
648,1,beach,0,12.696,0.0678
648,2,boat,1,67.712,0.0102
648,3,charter,0,102.712,0.0209
648,4,pier,0,12.696,0.0789
649,1,beach,0,231.472,0.5333
649,2,boat,0,15.096,0.0361
649,3,charter,1,50.096,0.4216
649,4,pier,0,231.472,0.0069
650,1,beach,1,10.296,0.0678
650,2,boat,0,46.332,0.1643
650,3,charter,0,75.332,0.5391
650,4,pier,0,10.296,0.0789
651,1,beach,0,42.112,0.1049
651,2,boat,1,7.896,0.1574
651,3,charter,0,31.896,0.4671
651,4,pier,0,42.112,0.0451
652,1,beach,0,231.472,0.5333
652,2,boat,0,15.096,0.1665
652,3,charter,1,50.096,0.3975
652,4,pier,0,231.472,0.4522
653,1,beach,0,121.072,0.5333
653,2,boat,0,7.896,0.0361
653,3,charter,1,42.896,0.4216
653,4,pier,0,121.072,0.0069
654,1,beach,0,231.472,0.5333
654,2,boat,1,15.096,0.0156
654,3,charter,0,50.096,0.0058
654,4,pier,0,231.472,0.4522
655,1,beach,0,10.296,0.0678
655,2,boat,0,46.332,0.1643
655,3,charter,0,75.332,0.5391
655,4,pier,1,10.296,0.0789
656,1,beach,1,5.496,0.0678
656,2,boat,0,24.732,0.1643
656,3,charter,0,53.732,0.5391
656,4,pier,0,5.496,0.0789
657,1,beach,0,202.112,0.1049
657,2,boat,1,37.896,0.0238
657,3,charter,0,61.896,0.0468
657,4,pier,0,202.112,0.0451
658,1,beach,0,78.732,0.0678
658,2,boat,0,78.732,0.2601
658,3,charter,0,103.732,0.5391
658,4,pier,1,78.732,0.0503
659,1,beach,0,268.272,0.5333
659,2,boat,1,17.496,0.2413
659,3,charter,0,52.496,1.0266
659,4,pier,0,268.272,0.4522
660,1,beach,1,9.87,0.2537
660,2,boat,0,32.9,0.2339
660,3,charter,0,51.4,0.6288
660,4,pier,0,9.87,0.1498
661,1,beach,0,36.87,0.2537
661,2,boat,0,122.9,0.2339
661,3,charter,0,141.4,0.6288
661,4,pier,1,36.87,0.1498
662,1,beach,0,276.432,0.5333
662,2,boat,0,212.64,0.0361
662,3,charter,1,247.64,0.4216
662,4,pier,0,276.432,0.0069
663,1,beach,0,100.016,0.0678
663,2,boat,0,9.87,0.0732
663,3,charter,1,39.37,0.1726
663,4,pier,0,100.016,0.0052
664,1,beach,0,193.232,0.5333
664,2,boat,0,148.64,0.2413
664,3,charter,1,183.64,1.0266
664,4,pier,0,193.232,0.4522
665,1,beach,0,52.64,0.0678
665,2,boat,1,9.87,0.0102
665,3,charter,0,44.87,0.0209
665,4,pier,0,52.64,0.0789
666,1,beach,0,191.216,0.0678
666,2,boat,1,18.87,0.0143
666,3,charter,0,48.37,0.0289
666,4,pier,0,191.216,0.0503
667,1,beach,1,47.37,0.2537
667,2,boat,0,157.9,0.0233
667,3,charter,0,176.4,0.0219
667,4,pier,0,47.37,0.1498
668,1,beach,0,68.64,0.0678
668,2,boat,0,12.87,0.0897
668,3,charter,1,47.87,1.0905
668,4,pier,0,68.64,0.0789
669,1,beach,0,252.64,0.0678
669,2,boat,1,47.37,0.0102
669,3,charter,0,82.37,0.0209
669,4,pier,0,252.64,0.0789
670,1,beach,0,191.216,0.0678
670,2,boat,1,18.87,0.0143
670,3,charter,0,48.37,0.0289
670,4,pier,0,191.216,0.0503
671,1,beach,0,68.64,0.0678
671,2,boat,1,12.87,0.0108
671,3,charter,0,47.87,0.2377
671,4,pier,0,68.64,0.0025
672,1,beach,0,160.816,0.0678
672,2,boat,1,15.87,0.0143
672,3,charter,0,45.37,0.0289
672,4,pier,0,160.816,0.0503
673,1,beach,0,148.64,0.0678
673,2,boat,1,27.87,0.0559
673,3,charter,0,62.87,0.6456
673,4,pier,0,148.64,0.0789
674,1,beach,0,84.64,0.0678
674,2,boat,1,15.87,0.0102
674,3,charter,0,50.87,0.0209
674,4,pier,0,84.64,0.0789
675,1,beach,0,180.64,0.0678
675,2,boat,0,33.87,0.0102
675,3,charter,1,68.87,0.0209
675,4,pier,0,180.64,0.0789
676,1,beach,1,9.87,0.2537
676,2,boat,0,32.9,0.2339
676,3,charter,0,51.4,0.6288
676,4,pier,0,9.87,0.1498
677,1,beach,0,100.64,0.0678
677,2,boat,0,18.87,0.0897
677,3,charter,1,53.87,1.0905
677,4,pier,0,100.64,0.0789
678,1,beach,0,148.64,0.0678
678,2,boat,1,27.87,0.0102
678,3,charter,0,62.87,0.0209
678,4,pier,0,148.64,0.0789
679,1,beach,0,148.64,0.0678
679,2,boat,1,27.87,0.0102
679,3,charter,0,62.87,0.0209
679,4,pier,0,148.64,0.0789
680,1,beach,0,191.216,0.0678
680,2,boat,1,18.87,0.0143
680,3,charter,0,48.37,0.0289
680,4,pier,0,191.216,0.0503
681,1,beach,0,68.64,0.0678
681,2,boat,0,12.87,0.0108
681,3,charter,1,47.87,0.2377
681,4,pier,0,68.64,0.0025
682,1,beach,0,100.64,0.0678
682,2,boat,1,18.87,0.0102
682,3,charter,0,53.87,0.0209
682,4,pier,0,100.64,0.0789
683,1,beach,0,191.216,0.0678
683,2,boat,1,18.87,0.0143
683,3,charter,0,48.37,0.0289
683,4,pier,0,191.216,0.0503
684,1,beach,0,132.64,0.0678
684,2,boat,0,24.87,0.0897
684,3,charter,1,59.87,1.0905
684,4,pier,0,132.64,0.0789
685,1,beach,0,36.64,0.0678
685,2,boat,0,6.87,0.0559
685,3,charter,1,41.87,0.6456
685,4,pier,0,36.64,0.0789
686,1,beach,0,52.64,0.0678
686,2,boat,0,9.87,0.0102
686,3,charter,1,44.87,0.0209
686,4,pier,0,52.64,0.0789
687,1,beach,1,12.87,0.2537
687,2,boat,0,42.9,0.2339
687,3,charter,0,61.4,0.6288
687,4,pier,0,12.87,0.1498
688,1,beach,0,47.37,0.2537
688,2,boat,0,157.9,0.2339
688,3,charter,0,176.4,0.6288
688,4,pier,1,47.37,0.1498
689,1,beach,1,27.87,0.2537
689,2,boat,0,92.9,0.2339
689,3,charter,0,111.4,0.6288
689,4,pier,0,27.87,0.1498
690,1,beach,0,18.87,0.2537
690,2,boat,0,62.9,0.2339
690,3,charter,0,81.4,0.6288
690,4,pier,1,18.87,0.1498
691,1,beach,0,160.816,0.0678
691,2,boat,0,15.87,0.0016
691,3,charter,1,45.37,0.1176
691,4,pier,0,160.816,0.0503
692,1,beach,0,164.64,0.0678
692,2,boat,0,30.87,0.0897
692,3,charter,1,65.87,1.0905
692,4,pier,0,164.64,0.0789
693,1,beach,0,191.216,0.0678
693,2,boat,1,18.87,0.0143
693,3,charter,0,48.37,0.0289
693,4,pier,0,191.216,0.0503
694,1,beach,0,84.64,0.0678
694,2,boat,1,15.87,0.0102
694,3,charter,0,50.87,0.0209
694,4,pier,0,84.64,0.0789
695,1,beach,0,24.87,0.2537
695,2,boat,0,172.432,0.6817
695,3,charter,1,197.432,2.3014
695,4,pier,0,24.87,0.1498
696,1,beach,1,12.87,0.2537
696,2,boat,0,42.9,0.0082
696,3,charter,0,61.4,0.0044
696,4,pier,0,12.87,0.1498
697,1,beach,0,116.64,0.0678
697,2,boat,1,21.87,0.0897
697,3,charter,0,56.87,1.0905
697,4,pier,0,116.64,0.0789
698,1,beach,0,33.87,0.2537
698,2,boat,0,112.9,0.2339
698,3,charter,0,131.4,0.6288
698,4,pier,1,33.87,0.1498
699,1,beach,0,252.016,0.0678
699,2,boat,1,24.87,0.0016
699,3,charter,0,54.37,0.1176
699,4,pier,0,252.016,0.0503
700,1,beach,0,252.016,0.0678
700,2,boat,1,24.87,0.0143
700,3,charter,0,54.37,0.0289
700,4,pier,0,252.016,0.0503
701,1,beach,0,24.87,0.2537
701,2,boat,0,82.9,0.2339
701,3,charter,0,101.4,0.6288
701,4,pier,1,24.87,0.1498
702,1,beach,0,100.64,0.0678
702,2,boat,1,18.87,0.0559
702,3,charter,0,53.87,0.6456
702,4,pier,0,100.64,0.0789
703,1,beach,0,100.64,0.0678
703,2,boat,0,18.87,0.0559
703,3,charter,1,53.87,0.6456
703,4,pier,0,100.64,0.0789
704,1,beach,0,100.64,0.0678
704,2,boat,1,18.87,0.0559
704,3,charter,0,53.87,0.6456
704,4,pier,0,100.64,0.0789
705,1,beach,0,6.87,0.2537
705,2,boat,0,22.9,0.0233
705,3,charter,0,41.4,0.0219
705,4,pier,1,6.87,0.1498
706,1,beach,0,15.87,0.2537
706,2,boat,0,68.77,0.0233
706,3,charter,0,87.27,0.0219
706,4,pier,1,15.87,0.1498
707,1,beach,0,221.408,0.0678
707,2,boat,1,18.87,0.0143
707,3,charter,0,48.37,0.0289
707,4,pier,0,221.408,0.0503
708,1,beach,1,27.87,0.2537
708,2,boat,0,120.77,0.0233
708,3,charter,0,139.27,0.0219
708,4,pier,0,27.87,0.1498
709,1,beach,1,9.87,0.2537
709,2,boat,0,42.77,0.0233
709,3,charter,0,61.27,0.0219
709,4,pier,0,9.87,0.1498
710,1,beach,0,9.87,0.2537
710,2,boat,0,42.77,0.2339
710,3,charter,0,61.27,0.6288
710,4,pier,1,9.87,0.1498
711,1,beach,0,15.87,0.2537
711,2,boat,0,68.77,0.0233
711,3,charter,0,87.27,0.0219
711,4,pier,1,15.87,0.1498
712,1,beach,1,18.87,0.2537
712,2,boat,0,81.77,0.2339
712,3,charter,0,100.27,0.6288
712,4,pier,0,18.87,0.1498
713,1,beach,0,116.64,0.0678
713,2,boat,0,21.87,0.0102
713,3,charter,1,56.87,0.0209
713,4,pier,0,116.64,0.0789
714,1,beach,1,21.87,0.2537
714,2,boat,0,72.9,0.2339
714,3,charter,0,91.4,0.6288
714,4,pier,0,21.87,0.1498
715,1,beach,0,12.87,0.2537
715,2,boat,0,42.9,0.2339
715,3,charter,0,61.4,0.6288
715,4,pier,1,12.87,0.1498
716,1,beach,0,12.87,0.2537
716,2,boat,0,42.9,0.0233
716,3,charter,0,61.4,0.0219
716,4,pier,1,12.87,0.1498
717,1,beach,0,116.64,0.0678
717,2,boat,0,21.87,0.0897
717,3,charter,1,56.87,1.0905
717,4,pier,0,116.64,0.0789
718,1,beach,0,84.64,0.0678
718,2,boat,0,15.87,0.0108
718,3,charter,1,50.87,0.2377
718,4,pier,0,84.64,0.0025
719,1,beach,0,132.64,0.0678
719,2,boat,0,24.87,0.0897
719,3,charter,1,59.87,1.0905
719,4,pier,0,132.64,0.0789
720,1,beach,0,52.64,0.0678
720,2,boat,0,9.87,0.0559
720,3,charter,1,44.87,0.6456
720,4,pier,0,52.64,0.0789
721,1,beach,0,9.87,0.2537
721,2,boat,1,32.9,0.2339
721,3,charter,0,51.4,0.6288
721,4,pier,0,9.87,0.1498
722,1,beach,0,148.64,0.0678
722,2,boat,0,27.87,0.0102
722,3,charter,1,62.87,0.0209
722,4,pier,0,148.64,0.0789
723,1,beach,0,180.64,0.0678
723,2,boat,1,33.87,0.0559
723,3,charter,0,68.87,0.6456
723,4,pier,0,180.64,0.0789
724,1,beach,0,130.416,0.0678
724,2,boat,0,12.87,0.0016
724,3,charter,1,42.37,0.1176
724,4,pier,0,130.416,0.0503
725,1,beach,0,221.616,0.0678
725,2,boat,1,21.87,0.0143
725,3,charter,0,51.37,0.0289
725,4,pier,0,221.616,0.0503
726,1,beach,0,36.87,0.2537
726,2,boat,0,122.9,0.2339
726,3,charter,0,141.4,0.6288
726,4,pier,1,36.87,0.1498
727,1,beach,0,191.216,0.0678
727,2,boat,1,18.87,0.0732
727,3,charter,0,48.37,0.1726
727,4,pier,0,191.216,0.0052
728,1,beach,0,68.64,0.0678
728,2,boat,0,12.87,0.0102
728,3,charter,1,47.87,0.0209
728,4,pier,0,68.64,0.0789
729,1,beach,0,30.87,0.2537
729,2,boat,0,102.9,0.2339
729,3,charter,0,121.4,0.6288
729,4,pier,1,30.87,0.1498
730,1,beach,0,282.416,0.0678
730,2,boat,1,27.87,0.0143
730,3,charter,0,57.37,0.0289
730,4,pier,0,282.416,0.0503
731,1,beach,0,116.64,0.0678
731,2,boat,1,21.87,0.0559
731,3,charter,0,56.87,0.6456
731,4,pier,0,116.64,0.0789
732,1,beach,0,84.64,0.0678
732,2,boat,1,15.87,0.0897
732,3,charter,0,50.87,1.0905
732,4,pier,0,84.64,0.0789
733,1,beach,0,116.64,0.0678
733,2,boat,0,21.87,0.0897
733,3,charter,1,56.87,1.0905
733,4,pier,0,116.64,0.0789
734,1,beach,0,148.64,0.0678
734,2,boat,1,27.87,0.0559
734,3,charter,0,62.87,0.6456
734,4,pier,0,148.64,0.0789
735,1,beach,0,18.87,0.2537
735,2,boat,0,62.9,0.0233
735,3,charter,0,81.4,0.0219
735,4,pier,1,18.87,0.1498
736,1,beach,0,84.64,0.0678
736,2,boat,0,15.87,0.0897
736,3,charter,1,50.87,1.0905
736,4,pier,0,84.64,0.0789
737,1,beach,0,100.64,0.0678
737,2,boat,1,18.87,0.0108
737,3,charter,0,53.87,0.2377
737,4,pier,0,100.64,0.0025
738,1,beach,0,84.64,0.0678
738,2,boat,1,15.87,0.0897
738,3,charter,0,50.87,1.0905
738,4,pier,0,84.64,0.0789
739,1,beach,0,6.87,0.2537
739,2,boat,0,47.632,0.6817
739,3,charter,1,72.632,2.3014
739,4,pier,0,6.87,0.1498
740,1,beach,0,84.64,0.0678
740,2,boat,0,15.87,0.0897
740,3,charter,1,50.87,1.0905
740,4,pier,0,84.64,0.0789
741,1,beach,0,68.64,0.0678
741,2,boat,0,12.87,0.0102
741,3,charter,1,47.87,0.0209
741,4,pier,0,68.64,0.0789
742,1,beach,0,84.64,0.0678
742,2,boat,0,15.87,0.0102
742,3,charter,1,50.87,0.0209
742,4,pier,0,84.64,0.0789
743,1,beach,1,18.87,0.2537
743,2,boat,0,62.9,0.2339
743,3,charter,0,81.4,0.6288
743,4,pier,0,18.87,0.1498
744,1,beach,0,160.816,0.0678
744,2,boat,0,15.87,0.0732
744,3,charter,1,45.37,0.1726
744,4,pier,0,160.816,0.0052
745,1,beach,0,15.87,0.2537
745,2,boat,0,52.9,0.0233
745,3,charter,0,71.4,0.0219
745,4,pier,1,15.87,0.1498
746,1,beach,0,100.016,0.0678
746,2,boat,1,9.87,0.0143
746,3,charter,0,39.37,0.0289
746,4,pier,0,100.016,0.0503
747,1,beach,0,9.87,0.2537
747,2,boat,0,32.9,0.0233
747,3,charter,0,51.4,0.0219
747,4,pier,1,9.87,0.1498
748,1,beach,0,9.87,0.2537
748,2,boat,0,32.9,0.2339
748,3,charter,0,51.4,0.6288
748,4,pier,1,9.87,0.1498
749,1,beach,0,84.64,0.0678
749,2,boat,1,15.87,0.0897
749,3,charter,0,50.87,1.0905
749,4,pier,0,84.64,0.0789
750,1,beach,0,12.87,0.2537
750,2,boat,0,42.9,0.2339
750,3,charter,0,61.4,0.6288
750,4,pier,1,12.87,0.1498
751,1,beach,0,52.64,0.0678
751,2,boat,0,9.87,0.0559
751,3,charter,1,44.87,0.6456
751,4,pier,0,52.64,0.0789
752,1,beach,0,12.87,0.2537
752,2,boat,0,42.9,0.0233
752,3,charter,0,61.4,0.0219
752,4,pier,1,12.87,0.1498
753,1,beach,0,180.64,0.0678
753,2,boat,1,33.87,0.0102
753,3,charter,0,68.87,0.0209
753,4,pier,0,180.64,0.0789
754,1,beach,0,36.64,0.0678
754,2,boat,0,6.87,0.0559
754,3,charter,1,41.87,0.6456
754,4,pier,0,36.64,0.0789
755,1,beach,0,52.64,0.0678
755,2,boat,1,9.87,0.0897
755,3,charter,0,44.87,1.0905
755,4,pier,0,52.64,0.0789
756,1,beach,0,84.64,0.0678
756,2,boat,1,15.87,0.0102
756,3,charter,0,50.87,0.0209
756,4,pier,0,84.64,0.0789
757,1,beach,1,9.87,0.2537
757,2,boat,0,32.9,0.2339
757,3,charter,0,51.4,0.6288
757,4,pier,0,9.87,0.1498
758,1,beach,0,148.64,0.0678
758,2,boat,1,27.87,0.0102
758,3,charter,0,62.87,0.0209
758,4,pier,0,148.64,0.0789
759,1,beach,0,52.64,0.0678
759,2,boat,0,9.87,0.0102
759,3,charter,1,44.87,0.0209
759,4,pier,0,52.64,0.0789
760,1,beach,1,15.87,0.2537
760,2,boat,0,52.9,0.2339
760,3,charter,0,71.4,0.6288
760,4,pier,0,15.87,0.1498
761,1,beach,0,228.64,0.0678
761,2,boat,1,42.87,0.0102
761,3,charter,0,77.87,0.0209
761,4,pier,0,228.64,0.0789
762,1,beach,0,68.64,0.0678
762,2,boat,0,12.87,0.0559
762,3,charter,1,47.87,0.6456
762,4,pier,0,68.64,0.0789
763,1,beach,0,52.64,0.0678
763,2,boat,0,9.87,0.0559
763,3,charter,1,44.87,0.6456
763,4,pier,0,52.64,0.0789
764,1,beach,0,160.816,0.0678
764,2,boat,1,15.87,0.0143
764,3,charter,0,45.37,0.0289
764,4,pier,0,160.816,0.0503
765,1,beach,0,116.64,0.0678
765,2,boat,1,21.87,0.0102
765,3,charter,0,56.87,0.0209
765,4,pier,0,116.64,0.0789
766,1,beach,0,84.64,0.0678
766,2,boat,0,15.87,0.0897
766,3,charter,1,50.87,1.0905
766,4,pier,0,84.64,0.0789
767,1,beach,0,12.87,0.2537
767,2,boat,0,42.9,0.0233
767,3,charter,0,61.4,0.0219
767,4,pier,1,12.87,0.1498
768,1,beach,0,221.616,0.0678
768,2,boat,1,21.87,0.1082
768,3,charter,0,51.37,0.324
768,4,pier,0,221.616,0.0503
769,1,beach,0,68.64,0.0678
769,2,boat,0,12.87,0.0108
769,3,charter,1,47.87,0.2377
769,4,pier,0,68.64,0.0025
770,1,beach,1,9.87,0.2537
770,2,boat,0,32.9,0.2339
770,3,charter,0,51.4,0.6288
770,4,pier,0,9.87,0.1498
771,1,beach,0,12.87,0.2537
771,2,boat,0,42.9,0.0233
771,3,charter,0,61.4,0.0219
771,4,pier,1,12.87,0.1498
772,1,beach,0,3.87,0.2537
772,2,boat,0,12.9,0.2339
772,3,charter,0,31.4,0.6288
772,4,pier,1,3.87,0.1498
773,1,beach,0,116.64,0.0678
773,2,boat,0,21.87,0.0102
773,3,charter,1,56.87,0.0209
773,4,pier,0,116.64,0.0789
774,1,beach,0,84.64,0.0678
774,2,boat,0,15.87,0.0559
774,3,charter,1,50.87,0.6456
774,4,pier,0,84.64,0.0789
775,1,beach,1,9.87,0.2537
775,2,boat,0,32.9,0.0233
775,3,charter,0,51.4,0.0219
775,4,pier,0,9.87,0.1498
776,1,beach,0,9.87,0.2537
776,2,boat,0,32.9,0.0233
776,3,charter,0,51.4,0.0219
776,4,pier,1,9.87,0.1498
777,1,beach,0,43.74,0.2537
777,2,boat,0,52.488,0.2339
777,3,charter,1,70.988,0.6288
777,4,pier,0,43.74,0.1498
778,1,beach,0,107.77,0.0678
778,2,boat,0,49.74,0.0559
778,3,charter,1,84.74,0.6456
778,4,pier,0,107.77,0.0789
779,1,beach,0,78.302,0.5333
779,2,boat,1,42.77,0.0361
779,3,charter,0,77.77,0.4216
779,4,pier,0,78.302,0.0069
780,1,beach,0,120.77,0.0678
780,2,boat,0,55.74,0.0897
780,3,charter,1,90.74,1.0905
780,4,pier,0,120.77,0.0789
781,1,beach,0,94.77,0.0678
781,2,boat,0,43.74,0.0108
781,3,charter,1,78.74,0.2377
781,4,pier,0,94.77,0.0025
782,1,beach,0,81.77,0.0678
782,2,boat,0,37.74,0.0559
782,3,charter,1,72.74,0.6456
782,4,pier,0,81.77,0.0789
783,1,beach,0,134.366,0.0678
783,2,boat,0,31.74,0.1082
783,3,charter,1,61.24,0.324
783,4,pier,0,134.366,0.0503
784,1,beach,0,55.77,0.0678
784,2,boat,0,25.74,0.0102
784,3,charter,1,60.74,0.0209
784,4,pier,0,55.77,0.0789
785,1,beach,0,94.77,0.0678
785,2,boat,1,43.74,0.0897
785,3,charter,0,78.74,1.0905
785,4,pier,0,94.77,0.0789
786,1,beach,0,43.74,0.2537
786,2,boat,0,52.488,0.2339
786,3,charter,0,70.988,0.6288
786,4,pier,1,43.74,0.1498
787,1,beach,0,94.77,0.0678
787,2,boat,1,43.74,0.0559
787,3,charter,0,78.74,0.6456
787,4,pier,0,94.77,0.0789
788,1,beach,0,81.77,0.0678
788,2,boat,0,37.74,0.0102
788,3,charter,1,72.74,0.0209
788,4,pier,0,81.77,0.0789
789,1,beach,0,107.77,0.0678
789,2,boat,0,49.74,0.0559
789,3,charter,1,84.74,0.6456
789,4,pier,0,107.77,0.0789
790,1,beach,0,108.966,0.0678
790,2,boat,0,25.74,0.0143
790,3,charter,1,55.24,0.0289
790,4,pier,0,108.966,0.0503
791,1,beach,0,25.74,0.2537
791,2,boat,0,30.888,0.0082
791,3,charter,0,49.388,0.0044
791,4,pier,1,25.74,0.1498
792,1,beach,0,108.966,0.0678
792,2,boat,1,25.74,0.0732
792,3,charter,0,55.24,0.1726
792,4,pier,0,108.966,0.0052
793,1,beach,0,94.77,0.0678
793,2,boat,0,43.74,0.0102
793,3,charter,1,78.74,0.0209
793,4,pier,0,94.77,0.0789
794,1,beach,1,125.902,0.5333
794,2,boat,0,68.77,0.2413
794,3,charter,0,103.77,1.0266
794,4,pier,0,125.902,0.4522
795,1,beach,0,68.77,0.0678
795,2,boat,0,31.74,0.0897
795,3,charter,1,66.74,1.0905
795,4,pier,0,68.77,0.0789
796,1,beach,0,159.766,0.0678
796,2,boat,1,37.74,0.0143
796,3,charter,0,67.24,0.0289
796,4,pier,0,159.766,0.0503
797,1,beach,0,81.77,0.0678
797,2,boat,0,37.74,0.0108
797,3,charter,1,72.74,0.2377
797,4,pier,0,81.77,0.0025
798,1,beach,0,68.77,0.0678
798,2,boat,1,31.74,0.0108
798,3,charter,0,66.74,0.2377
798,4,pier,0,68.77,0.0025
799,1,beach,0,107.77,0.0678
799,2,boat,0,49.74,0.0559
799,3,charter,1,84.74,0.6456
799,4,pier,0,107.77,0.0789
800,1,beach,0,94.77,0.0678
800,2,boat,1,43.74,0.0108
800,3,charter,0,78.74,0.2377
800,4,pier,0,94.77,0.0025
801,1,beach,0,29.77,0.0678
801,2,boat,1,13.74,0.0559
801,3,charter,0,48.74,0.6456
801,4,pier,0,29.77,0.0789
802,1,beach,0,108.966,0.0678
802,2,boat,1,25.74,0.0143
802,3,charter,0,55.24,0.0289
802,4,pier,0,108.966,0.0503
803,1,beach,0,42.594,0.0678
803,2,boat,1,6.87,0.0102
803,3,charter,0,41.87,0.0209
803,4,pier,0,42.594,0.0789
804,1,beach,0,79.794,0.0678
804,2,boat,0,12.87,0.0559
804,3,charter,1,47.87,0.6456
804,4,pier,0,79.794,0.0789
805,1,beach,0,115.808,0.0678
805,2,boat,1,9.87,0.0143
805,3,charter,0,39.37,0.0289
805,4,pier,0,115.808,0.0503
806,1,beach,0,154.194,0.0678
806,2,boat,1,24.87,0.0897
806,3,charter,0,59.87,1.0905
806,4,pier,0,154.194,0.0789
807,1,beach,0,42.594,0.0678
807,2,boat,0,6.87,0.0559
807,3,charter,1,41.87,0.6456
807,4,pier,0,42.594,0.0789
808,1,beach,1,24.87,0.2537
808,2,boat,0,107.77,0.0082
808,3,charter,0,126.27,0.0044
808,4,pier,0,24.87,0.1498
809,1,beach,0,186.208,0.0678
809,2,boat,0,15.87,0.0732
809,3,charter,1,45.37,0.1726
809,4,pier,0,186.208,0.0052
810,1,beach,0,61.194,0.0678
810,2,boat,0,9.87,0.0559
810,3,charter,1,44.87,0.6456
810,4,pier,0,61.194,0.0789
811,1,beach,0,12.87,0.2537
811,2,boat,0,55.77,0.2339
811,3,charter,0,74.27,0.6288
811,4,pier,1,12.87,0.1498
812,1,beach,0,79.794,0.0678
812,2,boat,0,12.87,0.0559
812,3,charter,1,47.87,0.6456
812,4,pier,0,79.794,0.0789
813,1,beach,1,27.87,0.2537
813,2,boat,0,120.77,0.2339
813,3,charter,0,139.27,0.6288
813,4,pier,0,27.87,0.1498
814,1,beach,0,79.794,0.0678
814,2,boat,0,12.87,0.0897
814,3,charter,1,47.87,1.0905
814,4,pier,0,79.794,0.0789
815,1,beach,0,555.808,0.0678
815,2,boat,1,47.37,0.0143
815,3,charter,0,76.87,0.0289
815,4,pier,0,555.808,0.0503
816,1,beach,0,80.608,0.0678
816,2,boat,1,6.87,0.0143
816,3,charter,0,36.37,0.0289
816,4,pier,0,80.608,0.0503
817,1,beach,0,467.808,0.0678
817,2,boat,1,39.87,0.0143
817,3,charter,0,69.37,0.0289
817,4,pier,0,467.808,0.0503
818,1,beach,1,36.87,0.2537
818,2,boat,0,159.77,0.2339
818,3,charter,0,178.27,0.6288
818,4,pier,0,36.87,0.1498
819,1,beach,1,12.87,0.2537
819,2,boat,0,55.77,0.0082
819,3,charter,0,74.27,0.0044
819,4,pier,0,12.87,0.1498
820,1,beach,1,6.87,0.2537
820,2,boat,0,29.77,0.0233
820,3,charter,0,48.27,0.0219
820,4,pier,0,6.87,0.1498
821,1,beach,0,115.808,0.0678
821,2,boat,0,9.87,0.1082
821,3,charter,1,39.37,0.324
821,4,pier,0,115.808,0.0503
822,1,beach,1,12.87,0.2537
822,2,boat,0,55.77,0.2339
822,3,charter,0,74.27,0.6288
822,4,pier,0,12.87,0.1498
823,1,beach,0,154.194,0.0678
823,2,boat,1,24.87,0.0102
823,3,charter,0,59.87,0.0209
823,4,pier,0,154.194,0.0789
824,1,beach,0,116.994,0.0678
824,2,boat,1,18.87,0.0102
824,3,charter,0,53.87,0.0209
824,4,pier,0,116.994,0.0789
825,1,beach,1,12.87,0.2537
825,2,boat,0,55.77,0.2339
825,3,charter,0,74.27,0.6288
825,4,pier,0,12.87,0.1498
826,1,beach,0,3.87,0.2537
826,2,boat,0,16.77,0.0233
826,3,charter,0,35.27,0.0219
826,4,pier,1,3.87,0.1498
827,1,beach,0,154.194,0.0678
827,2,boat,0,24.87,0.0559
827,3,charter,1,59.87,0.6456
827,4,pier,0,154.194,0.0789
828,1,beach,1,30.87,0.2537
828,2,boat,0,133.77,0.0233
828,3,charter,0,152.27,0.0219
828,4,pier,0,30.87,0.1498
829,1,beach,0,3.87,0.2537
829,2,boat,0,16.77,0.0626
829,3,charter,0,35.27,0.2773
829,4,pier,1,3.87,0.0014
830,1,beach,0,135.594,0.0678
830,2,boat,0,21.87,0.0102
830,3,charter,1,56.87,0.0209
830,4,pier,0,135.594,0.0789
831,1,beach,0,116.994,0.0678
831,2,boat,0,18.87,0.0102
831,3,charter,1,53.87,0.0209
831,4,pier,0,116.994,0.0789
832,1,beach,0,116.994,0.0678
832,2,boat,0,18.87,0.0897
832,3,charter,1,53.87,1.0905
832,4,pier,0,116.994,0.0789
833,1,beach,0,555.808,0.0678
833,2,boat,1,47.37,0.0732
833,3,charter,0,76.87,0.1726
833,4,pier,0,555.808,0.0052
834,1,beach,0,116.994,0.0678
834,2,boat,0,18.87,0.0102
834,3,charter,1,53.87,0.0209
834,4,pier,0,116.994,0.0789
835,1,beach,0,209.994,0.0678
835,2,boat,1,33.87,0.0102
835,3,charter,0,68.87,0.0209
835,4,pier,0,209.994,0.0789
836,1,beach,0,98.394,0.0678
836,2,boat,1,15.87,0.0559
836,3,charter,0,50.87,0.6456
836,4,pier,0,98.394,0.0789
837,1,beach,0,115.808,0.0678
837,2,boat,1,9.87,0.0143
837,3,charter,0,39.37,0.0289
837,4,pier,0,115.808,0.0503
838,1,beach,0,80.608,0.0678
838,2,boat,0,6.87,0.1082
838,3,charter,1,36.37,0.324
838,4,pier,0,80.608,0.0503
839,1,beach,0,79.794,0.0678
839,2,boat,0,12.87,0.0102
839,3,charter,1,47.87,0.0209
839,4,pier,0,79.794,0.0789
840,1,beach,1,24.87,0.2537
840,2,boat,0,107.77,0.0233
840,3,charter,0,126.27,0.0219
840,4,pier,0,24.87,0.1498
841,1,beach,0,151.008,0.0678
841,2,boat,1,12.87,0.1082
841,3,charter,0,42.37,0.324
841,4,pier,0,151.008,0.0503
842,1,beach,0,256.608,0.0678
842,2,boat,1,21.87,0.0143
842,3,charter,0,51.37,0.0289
842,4,pier,0,256.608,0.0503
843,1,beach,0,98.394,0.0678
843,2,boat,1,15.87,0.0559
843,3,charter,0,50.87,0.6456
843,4,pier,0,98.394,0.0789
844,1,beach,0,12.87,0.2537
844,2,boat,0,55.77,0.2339
844,3,charter,0,74.27,0.6288
844,4,pier,1,12.87,0.1498
845,1,beach,1,21.87,0.2537
845,2,boat,0,94.77,0.0233
845,3,charter,0,113.27,0.0219
845,4,pier,0,21.87,0.1498
846,1,beach,0,115.808,0.0678
846,2,boat,1,9.87,0.1082
846,3,charter,0,39.37,0.324
846,4,pier,0,115.808,0.0503
847,1,beach,0,135.594,0.0678
847,2,boat,0,21.87,0.0102
847,3,charter,1,56.87,0.0209
847,4,pier,0,135.594,0.0789
848,1,beach,0,135.594,0.0678
848,2,boat,0,21.87,0.0559
848,3,charter,1,56.87,0.6456
848,4,pier,0,135.594,0.0789
849,1,beach,0,24.87,0.2537
849,2,boat,0,107.77,0.2339
849,3,charter,0,126.27,0.6288
849,4,pier,1,24.87,0.1498
850,1,beach,0,79.794,0.0678
850,2,boat,0,12.87,0.0897
850,3,charter,1,47.87,1.0905
850,4,pier,0,79.794,0.0789
851,1,beach,0,23.994,0.0678
851,2,boat,1,3.87,0.0559
851,3,charter,0,38.87,0.6456
851,4,pier,0,23.994,0.0789
852,1,beach,0,98.394,0.0678
852,2,boat,0,15.87,0.0102
852,3,charter,1,50.87,0.0209
852,4,pier,0,98.394,0.0789
853,1,beach,0,221.408,0.0678
853,2,boat,1,18.87,0.0143
853,3,charter,0,48.37,0.0289
853,4,pier,0,221.408,0.0503
854,1,beach,0,12.87,0.2537
854,2,boat,0,53.196,0.6817
854,3,charter,1,78.196,2.3014
854,4,pier,0,12.87,0.1498
855,1,beach,0,80.608,0.0678
855,2,boat,1,6.87,0.0732
855,3,charter,0,36.37,0.1726
855,4,pier,0,80.608,0.0052
856,1,beach,0,256.608,0.0678
856,2,boat,1,21.87,0.0143
856,3,charter,0,51.37,0.0289
856,4,pier,0,256.608,0.0503
857,1,beach,0,80.608,0.0678
857,2,boat,1,6.87,0.0143
857,3,charter,0,36.37,0.0289
857,4,pier,0,80.608,0.0503
858,1,beach,0,12.87,0.2537
858,2,boat,0,55.77,0.2339
858,3,charter,0,74.27,0.6288
858,4,pier,1,12.87,0.1498
859,1,beach,0,115.808,0.0678
859,2,boat,0,115.808,0.2601
859,3,charter,1,140.808,0.5391
859,4,pier,0,115.808,0.0503
860,1,beach,1,15.87,0.2537
860,2,boat,0,68.77,0.2339
860,3,charter,0,87.27,0.6288
860,4,pier,0,15.87,0.1498
861,1,beach,0,397.408,0.0678
861,2,boat,1,33.87,0.0143
861,3,charter,0,63.37,0.0289
861,4,pier,0,397.408,0.0503
862,1,beach,0,79.794,0.0678
862,2,boat,1,12.87,0.0102
862,3,charter,0,47.87,0.0209
862,4,pier,0,79.794,0.0789
863,1,beach,0,42.594,0.0678
863,2,boat,0,6.87,0.0559
863,3,charter,1,41.87,0.6456
863,4,pier,0,42.594,0.0789
864,1,beach,0,256.608,0.0678
864,2,boat,1,21.87,0.1082
864,3,charter,0,51.37,0.324
864,4,pier,0,256.608,0.0503
865,1,beach,0,3.87,0.2537
865,2,boat,0,16.77,0.0233
865,3,charter,0,35.27,0.0219
865,4,pier,1,3.87,0.1498
866,1,beach,0,21.87,0.2537
866,2,boat,0,94.77,0.0233
866,3,charter,0,113.27,0.0219
866,4,pier,1,21.87,0.1498
867,1,beach,0,79.794,0.0678
867,2,boat,1,12.87,0.0559
867,3,charter,0,47.87,0.6456
867,4,pier,0,79.794,0.0789
868,1,beach,0,327.008,0.0678
868,2,boat,1,27.87,0.0143
868,3,charter,0,57.37,0.0289
868,4,pier,0,327.008,0.0503
869,1,beach,0,45.408,0.0678
869,2,boat,1,3.87,0.0022
869,3,charter,0,33.37,0.324
869,4,pier,0,45.408,0.0503
870,1,beach,0,175.89,0.2537
870,2,boat,1,121.836,0.6817
870,3,charter,0,146.836,2.3014
870,4,pier,0,175.89,0.1498
871,1,beach,1,31.144,0.5333
871,2,boat,0,70.532,0.0156
871,3,charter,0,105.532,0.0058
871,4,pier,0,31.144,0.4522
872,1,beach,0,35.724,0.2537
872,2,boat,1,31.144,0.6817
872,3,charter,0,56.144,2.3014
872,4,pier,0,35.724,0.1498
873,1,beach,1,121.836,0.5333
873,2,boat,0,203.346,0.0156
873,3,charter,0,238.346,0.0058
873,4,pier,0,121.836,0.4522
874,1,beach,0,175.89,0.2537
874,2,boat,0,121.836,0.6817
874,3,charter,1,146.836,2.3014
874,4,pier,0,175.89,0.1498
875,1,beach,0,93.436,0.5333
875,2,boat,0,155.946,0.2413
875,3,charter,0,190.946,1.0266
875,4,pier,1,93.436,0.4522
876,1,beach,0,224.818,0.2537
876,2,boat,1,245.256,0.6817
876,3,charter,0,270.256,2.3014
876,4,pier,0,224.818,0.1498
877,1,beach,0,128.018,0.2537
877,2,boat,0,139.656,0.6817
877,3,charter,1,164.656,2.3014
877,4,pier,0,128.018,0.1498
878,1,beach,0,57.246,0.2537
878,2,boat,0,9.87,0.0531
878,3,charter,1,34.87,0.0052
878,4,pier,0,57.246,0.1498
879,1,beach,0,22.446,0.2537
879,2,boat,1,3.87,0.7369
879,3,charter,0,28.87,2.3101
879,4,pier,0,22.446,0.1498
880,1,beach,0,74.646,0.2537
880,2,boat,0,12.87,0.6817
880,3,charter,1,37.87,2.3014
880,4,pier,0,74.646,0.1498
881,1,beach,0,144.246,0.2537
881,2,boat,1,24.87,0.0531
881,3,charter,0,49.87,0.0052
881,4,pier,0,144.246,0.1498
882,1,beach,1,9.87,0.5333
882,2,boat,0,121.73,0.2413
882,3,charter,0,156.73,1.0266
882,4,pier,0,9.87,0.4522
883,1,beach,0,22.446,0.2537
883,2,boat,0,3.87,0.6817
883,3,charter,1,28.87,2.3014
883,4,pier,0,22.446,0.1498
884,1,beach,0,74.646,0.2537
884,2,boat,1,12.87,0.7369
884,3,charter,0,37.87,2.3101
884,4,pier,0,74.646,0.1498
885,1,beach,1,9.87,0.5333
885,2,boat,0,121.73,0.2413
885,3,charter,0,156.73,1.0266
885,4,pier,0,9.87,0.4522
886,1,beach,0,18.87,0.5333
886,2,boat,0,232.73,0.2413
886,3,charter,0,267.73,1.0266
886,4,pier,1,18.87,0.4522
887,1,beach,0,161.646,0.2537
887,2,boat,1,27.87,0.0531
887,3,charter,0,52.87,0.0052
887,4,pier,0,161.646,0.1498
888,1,beach,0,57.246,0.2537
888,2,boat,0,9.87,0.6817
888,3,charter,1,34.87,2.3014
888,4,pier,0,57.246,0.1498
889,1,beach,0,109.446,0.2537
889,2,boat,0,18.87,0.0531
889,3,charter,1,43.87,0.0052
889,4,pier,0,109.446,0.1498
890,1,beach,0,74.646,0.2537
890,2,boat,1,12.87,0.0531
890,3,charter,0,37.87,0.0052
890,4,pier,0,74.646,0.1498
891,1,beach,0,22.446,0.2537
891,2,boat,1,3.87,0.6817
891,3,charter,0,28.87,2.3014
891,4,pier,0,22.446,0.1498
892,1,beach,0,3.87,0.5333
892,2,boat,0,47.73,0.2413
892,3,charter,0,82.73,1.0266
892,4,pier,1,3.87,0.4522
893,1,beach,1,3.87,0.5333
893,2,boat,0,47.73,0.2413
893,3,charter,0,82.73,1.0266
893,4,pier,0,3.87,0.4522
894,1,beach,0,57.246,0.2537
894,2,boat,1,9.87,0.6817
894,3,charter,0,34.87,2.3014
894,4,pier,0,57.246,0.1498
895,1,beach,0,161.646,0.2537
895,2,boat,1,27.87,0.6817
895,3,charter,0,52.87,2.3014
895,4,pier,0,161.646,0.1498
896,1,beach,1,15.87,0.5333
896,2,boat,0,195.73,0.0156
896,3,charter,0,230.73,0.0058
896,4,pier,0,15.87,0.4522
897,1,beach,0,12.87,0.5333
897,2,boat,0,158.73,0.2413
897,3,charter,0,193.73,1.0266
897,4,pier,1,12.87,0.4522
898,1,beach,0,9.87,0.5333
898,2,boat,0,121.73,0.2413
898,3,charter,0,156.73,1.0266
898,4,pier,1,9.87,0.4522
899,1,beach,0,74.646,0.2537
899,2,boat,1,12.87,0.0531
899,3,charter,0,37.87,0.0052
899,4,pier,0,74.646,0.1498
900,1,beach,0,74.646,0.2537
900,2,boat,1,12.87,0.7369
900,3,charter,0,37.87,2.3101
900,4,pier,0,74.646,0.1498
901,1,beach,0,57.246,0.2537
901,2,boat,1,9.87,0.0531
901,3,charter,0,34.87,0.0052
901,4,pier,0,57.246,0.1498
902,1,beach,0,176.344,0.0678
902,2,boat,1,57.246,0.0143
902,3,charter,0,86.746,0.0289
902,4,pier,0,176.344,0.0503
903,1,beach,0,74.646,0.2537
903,2,boat,1,12.87,0.6817
903,3,charter,0,37.87,2.3014
903,4,pier,0,74.646,0.1498
904,1,beach,0,9.87,0.5333
904,2,boat,0,121.73,0.2413
904,3,charter,0,156.73,1.0266
904,4,pier,1,9.87,0.4522
905,1,beach,0,74.646,0.2537
905,2,boat,0,12.87,0.6817
905,3,charter,1,37.87,2.3014
905,4,pier,0,74.646,0.1498
906,1,beach,0,6.87,0.5333
906,2,boat,0,84.73,0.2413
906,3,charter,0,119.73,1.0266
906,4,pier,1,6.87,0.4522
907,1,beach,0,39.846,0.2537
907,2,boat,1,6.87,0.0531
907,3,charter,0,31.87,0.0052
907,4,pier,0,39.846,0.1498
908,1,beach,0,92.046,0.2537
908,2,boat,0,15.87,0.6817
908,3,charter,1,40.87,2.3014
908,4,pier,0,92.046,0.1498
909,1,beach,0,283.544,0.0678
909,2,boat,1,92.046,0.0143
909,3,charter,0,121.546,0.0289
909,4,pier,0,283.544,0.0503
910,1,beach,0,74.646,0.2537
910,2,boat,1,12.87,0.6817
910,3,charter,0,37.87,2.3014
910,4,pier,0,74.646,0.1498
911,1,beach,0,74.646,0.2537
911,2,boat,1,12.87,0.0531
911,3,charter,0,37.87,0.0052
911,4,pier,0,74.646,0.1498
912,1,beach,0,57.246,0.2537
912,2,boat,0,9.87,0.6817
912,3,charter,1,34.87,2.3014
912,4,pier,0,57.246,0.1498
913,1,beach,0,195.73,0.0678
913,2,boat,0,92.046,0.0559
913,3,charter,1,127.046,0.6456
913,4,pier,0,195.73,0.0789
914,1,beach,0,9.87,0.5333
914,2,boat,0,121.73,0.2413
914,3,charter,0,156.73,1.0266
914,4,pier,1,9.87,0.4522
915,1,beach,0,144.246,0.2537
915,2,boat,1,24.87,0.6817
915,3,charter,0,49.87,2.3014
915,4,pier,0,144.246,0.1498
916,1,beach,0,144.246,0.2537
916,2,boat,1,24.87,0.6817
916,3,charter,0,49.87,2.3014
916,4,pier,0,144.246,0.1498
917,1,beach,0,109.446,0.2537
917,2,boat,1,18.87,0.0531
917,3,charter,0,43.87,0.0052
917,4,pier,0,109.446,0.1498
918,1,beach,0,39.846,0.2537
918,2,boat,1,6.87,0.0531
918,3,charter,0,31.87,0.0052
918,4,pier,0,39.846,0.1498
919,1,beach,0,57.246,0.2537
919,2,boat,1,9.87,0.0531
919,3,charter,0,34.87,0.0052
919,4,pier,0,57.246,0.1498
920,1,beach,1,27.87,0.5333
920,2,boat,0,343.73,0.2413
920,3,charter,0,378.73,1.0266
920,4,pier,0,27.87,0.4522
921,1,beach,0,92.046,0.2537
921,2,boat,0,15.87,0.6817
921,3,charter,1,40.87,2.3014
921,4,pier,0,92.046,0.1498
922,1,beach,0,92.046,0.2537
922,2,boat,1,15.87,0.6817
922,3,charter,0,40.87,2.3014
922,4,pier,0,92.046,0.1498
923,1,beach,0,15.096,0.5333
923,2,boat,1,213.86,0.0361
923,3,charter,0,248.86,0.4216
923,4,pier,0,15.096,0.0069
924,1,beach,0,7.896,0.5333
924,2,boat,0,111.86,0.0156
924,3,charter,0,146.86,0.0058
924,4,pier,1,7.896,0.4522
925,1,beach,1,12.696,0.5333
925,2,boat,0,179.86,0.0051
925,3,charter,0,214.86,1.0266
925,4,pier,0,12.696,0.4522
926,1,beach,0,32.976,0.2537
926,2,boat,1,5.496,0.7369
926,3,charter,0,30.496,2.3101
926,4,pier,0,32.976,0.1498
927,1,beach,0,47.376,0.2537
927,2,boat,1,7.896,0.6817
927,3,charter,0,32.896,2.3014
927,4,pier,0,47.376,0.1498
928,1,beach,1,19.896,0.5333
928,2,boat,0,281.86,0.2413
928,3,charter,0,316.86,1.0266
928,4,pier,0,19.896,0.4522
929,1,beach,0,76.176,0.2537
929,2,boat,1,12.696,0.7369
929,3,charter,0,37.696,2.3101
929,4,pier,0,76.176,0.1498
930,1,beach,0,47.376,0.2537
930,2,boat,1,7.896,0.7369
930,3,charter,0,32.896,2.3101
930,4,pier,0,47.376,0.1498
931,1,beach,0,133.776,0.2537
931,2,boat,1,22.296,0.6817
931,3,charter,0,47.296,2.3014
931,4,pier,0,133.776,0.1498
932,1,beach,0,61.776,0.2537
932,2,boat,0,10.296,0.6817
932,3,charter,1,35.296,2.3014
932,4,pier,0,61.776,0.1498
933,1,beach,0,227.376,0.2537
933,2,boat,1,37.896,0.0531
933,3,charter,0,62.896,0.0052
933,4,pier,0,227.376,0.1498
934,1,beach,1,7.896,0.5333
934,2,boat,0,111.86,0.2413
934,3,charter,0,146.86,1.0266
934,4,pier,0,7.896,0.4522
935,1,beach,0,90.576,0.2537
935,2,boat,1,15.096,0.7369
935,3,charter,0,40.096,2.3101
935,4,pier,0,90.576,0.1498
936,1,beach,0,90.576,0.2537
936,2,boat,0,15.096,0.6817
936,3,charter,1,40.096,2.3014
936,4,pier,0,90.576,0.1498
937,1,beach,1,15.096,0.5333
937,2,boat,0,213.86,0.2413
937,3,charter,0,248.86,1.0266
937,4,pier,0,15.096,0.4522
938,1,beach,1,10.296,0.5333
938,2,boat,0,145.86,0.2413
938,3,charter,0,180.86,1.0266
938,4,pier,0,10.296,0.4522
939,1,beach,0,133.776,0.2537
939,2,boat,0,22.296,0.0531
939,3,charter,1,47.296,0.0052
939,4,pier,0,133.776,0.1498
940,1,beach,0,61.776,0.2537
940,2,boat,1,10.296,0.7369
940,3,charter,0,35.296,2.3101
940,4,pier,0,61.776,0.1498
941,1,beach,0,61.776,0.2537
941,2,boat,1,10.296,0.6817
941,3,charter,0,35.296,2.3014
941,4,pier,0,61.776,0.1498
942,1,beach,1,15.096,0.5333
942,2,boat,0,213.86,0.2413
942,3,charter,0,248.86,1.0266
942,4,pier,0,15.096,0.4522
943,1,beach,0,32.976,0.2537
943,2,boat,1,5.496,0.6817
943,3,charter,0,30.496,2.3014
943,4,pier,0,32.976,0.1498
944,1,beach,0,162.576,0.2537
944,2,boat,1,27.096,0.7369
944,3,charter,0,52.096,2.3101
944,4,pier,0,162.576,0.1498
945,1,beach,0,76.176,0.2537
945,2,boat,1,12.696,0.7369
945,3,charter,0,37.696,2.3101
945,4,pier,0,76.176,0.1498
946,1,beach,0,77.86,0.0678
946,2,boat,0,115.874,0.0014
946,3,charter,0,144.874,0.0029
946,4,pier,1,77.86,0.0789
947,1,beach,1,17.496,0.5333
947,2,boat,0,247.86,0.0156
947,3,charter,0,282.86,0.0058
947,4,pier,0,17.496,0.4522
948,1,beach,0,61.776,0.2537
948,2,boat,0,10.296,0.6817
948,3,charter,1,35.296,2.3014
948,4,pier,0,61.776,0.1498
949,1,beach,0,104.976,0.2537
949,2,boat,1,17.496,0.6817
949,3,charter,0,42.496,2.3014
949,4,pier,0,104.976,0.1498
950,1,beach,0,47.376,0.2537
950,2,boat,0,7.896,0.6817
950,3,charter,1,32.896,2.3014
950,4,pier,0,47.376,0.1498
951,1,beach,0,150.174,0.2537
951,2,boat,1,45.198,0.6817
951,3,charter,0,70.198,2.3014
951,4,pier,0,150.174,0.1498
952,1,beach,1,26.598,0.5333
952,2,boat,0,172.458,0.2413
952,3,charter,0,207.458,1.0266
952,4,pier,0,26.598,0.4522
953,1,beach,0,88.374,0.2537
953,2,boat,0,26.598,0.6817
953,3,charter,1,51.598,2.3014
953,4,pier,0,88.374,0.1498
954,1,beach,0,129.574,0.2537
954,2,boat,1,38.998,0.6817
954,3,charter,0,63.998,2.3014
954,4,pier,0,129.574,0.1498
955,1,beach,0,132.258,0.0678
955,2,boat,0,67.774,0.0559
955,3,charter,1,102.774,0.6456
955,4,pier,0,132.258,0.0789
956,1,beach,0,26.598,0.5333
956,2,boat,0,172.458,0.2413
956,3,charter,0,207.458,1.0266
956,4,pier,1,26.598,0.4522
957,1,beach,1,14.198,0.5333
957,2,boat,0,92.058,0.2413
957,3,charter,0,127.058,1.0266
957,4,pier,0,14.198,0.4522
958,1,beach,0,47.174,0.2537
958,2,boat,0,14.198,0.6817
958,3,charter,1,39.198,2.3014
958,4,pier,0,47.174,0.1498
959,1,beach,0,108.974,0.2537
959,2,boat,0,32.798,0.6817
959,3,charter,1,57.798,2.3014
959,4,pier,0,108.974,0.1498
960,1,beach,0,20.398,0.5333
960,2,boat,0,132.258,0.0156
960,3,charter,0,167.258,0.0058
960,4,pier,1,20.398,0.4522
961,1,beach,0,88.374,0.2537
961,2,boat,0,26.598,0.6817
961,3,charter,1,51.598,2.3014
961,4,pier,0,88.374,0.1498
962,1,beach,0,129.574,0.2537
962,2,boat,1,38.998,0.7369
962,3,charter,0,63.998,2.3101
962,4,pier,0,129.574,0.1498
963,1,beach,0,88.374,0.2537
963,2,boat,1,26.598,0.0531
963,3,charter,0,51.598,0.0052
963,4,pier,0,88.374,0.1498
964,1,beach,1,32.798,0.5333
964,2,boat,0,212.658,0.1665
964,3,charter,0,247.658,0.3975
964,4,pier,0,32.798,0.4522
965,1,beach,0,88.374,0.2537
965,2,boat,1,26.598,0.6817
965,3,charter,0,51.598,2.3014
965,4,pier,0,88.374,0.1498
966,1,beach,0,129.574,0.2537
966,2,boat,0,38.998,0.0531
966,3,charter,1,63.998,0.0052
966,4,pier,0,129.574,0.1498
967,1,beach,0,108.974,0.2537
967,2,boat,1,32.798,0.6817
967,3,charter,0,57.798,2.3014
967,4,pier,0,108.974,0.1498
968,1,beach,0,129.574,0.2537
968,2,boat,0,38.998,0.6817
968,3,charter,1,63.998,2.3014
968,4,pier,0,129.574,0.1498
969,1,beach,0,26.598,0.5333
969,2,boat,0,172.458,0.2413
969,3,charter,0,207.458,1.0266
969,4,pier,1,26.598,0.4522
970,1,beach,0,26.598,0.5333
970,2,boat,0,172.458,0.0156
970,3,charter,0,207.458,0.0058
970,4,pier,1,26.598,0.4522
971,1,beach,0,129.574,0.2537
971,2,boat,0,38.998,0.6817
971,3,charter,1,63.998,2.3014
971,4,pier,0,129.574,0.1498
972,1,beach,0,253.174,0.2537
972,2,boat,1,76.198,0.6817
972,3,charter,0,101.198,2.3014
972,4,pier,0,253.174,0.1498
973,1,beach,0,108.974,0.2537
973,2,boat,1,32.798,0.0531
973,3,charter,0,57.798,0.0052
973,4,pier,0,108.974,0.1498
974,1,beach,0,20.398,0.5333
974,2,boat,0,132.258,0.2413
974,3,charter,0,167.258,1.0266
974,4,pier,1,20.398,0.4522
975,1,beach,0,47.174,0.2537
975,2,boat,1,14.198,0.0531
975,3,charter,0,39.198,0.0052
975,4,pier,0,47.174,0.1498
976,1,beach,0,38.998,0.5333
976,2,boat,0,252.858,0.1665
976,3,charter,0,287.858,0.3975
976,4,pier,1,38.998,0.4522
977,1,beach,0,129.574,0.2537
977,2,boat,1,38.998,0.6817
977,3,charter,0,63.998,2.3014
977,4,pier,0,129.574,0.1498
978,1,beach,0,76.198,0.5333
978,2,boat,0,494.058,0.2413
978,3,charter,0,529.058,1.0266
978,4,pier,1,76.198,0.4522
979,1,beach,1,7.998,0.5333
979,2,boat,0,51.858,0.2413
979,3,charter,0,86.858,1.0266
979,4,pier,0,7.998,0.4522
980,1,beach,0,9.87,0.5333
980,2,boat,0,121.73,0.0156
980,3,charter,0,156.73,0.0058
980,4,pier,1,9.87,0.4522
981,1,beach,1,14.476,0.2537
981,2,boat,0,62.51,0.0233
981,3,charter,0,81.01,0.0219
981,4,pier,0,14.476,0.1498
982,1,beach,0,2.322,0.5333
982,2,boat,0,55.47,0.2413
982,3,charter,0,90.47,1.0266
982,4,pier,1,2.322,0.4522
983,1,beach,0,53.586,0.2537
983,2,boat,1,4.122,0.6817
983,3,charter,0,29.122,2.3014
983,4,pier,0,53.586,0.1498
984,1,beach,0,123.786,0.2537
984,2,boat,1,9.522,0.0531
984,3,charter,0,34.522,0.0052
984,4,pier,0,123.786,0.1498
985,1,beach,0,61.776,0.2537
985,2,boat,0,10.296,0.0531
985,3,charter,1,35.296,0.0052
985,4,pier,0,61.776,0.1498
986,1,beach,0,3.096,0.5333
986,2,boat,0,43.86,0.2413
986,3,charter,0,78.86,1.0266
986,4,pier,1,3.096,0.4522
987,1,beach,0,7.896,0.5333
987,2,boat,0,111.86,0.2413
987,3,charter,0,146.86,1.0266
987,4,pier,1,7.896,0.4522
988,1,beach,0,76.176,0.2537
988,2,boat,1,12.696,0.7369
988,3,charter,0,37.696,2.3101
988,4,pier,0,76.176,0.1498
989,1,beach,0,47.376,0.2537
989,2,boat,1,7.896,0.6817
989,3,charter,0,32.896,2.3014
989,4,pier,0,47.376,0.1498
990,1,beach,0,18.576,0.2537
990,2,boat,0,3.096,0.6817
990,3,charter,1,28.096,2.3014
990,4,pier,0,18.576,0.1498
991,1,beach,0,32.976,0.2537
991,2,boat,0,5.496,0.0531
991,3,charter,1,30.496,0.0052
991,4,pier,0,32.976,0.1498
992,1,beach,0,119.376,0.2537
992,2,boat,1,19.896,0.6817
992,3,charter,0,44.896,2.3014
992,4,pier,0,119.376,0.1498
993,1,beach,0,61.776,0.2537
993,2,boat,1,10.296,0.6817
993,3,charter,0,35.296,2.3014
993,4,pier,0,61.776,0.1498
994,1,beach,0,15.096,0.5333
994,2,boat,0,213.86,0.2413
994,3,charter,0,248.86,1.0266
994,4,pier,1,15.096,0.4522
995,1,beach,0,10.296,0.5333
995,2,boat,0,145.86,0.1665
995,3,charter,0,180.86,0.3975
995,4,pier,1,10.296,0.4522
996,1,beach,0,5.496,0.5333
996,2,boat,0,77.86,0.2413
996,3,charter,0,112.86,1.0266
996,4,pier,1,5.496,0.4522
997,1,beach,0,32.976,0.2537
997,2,boat,0,5.496,0.6817
997,3,charter,1,30.496,2.3014
997,4,pier,0,32.976,0.1498
998,1,beach,1,17.496,0.5333
998,2,boat,0,247.86,0.2413
998,3,charter,0,282.86,1.0266
998,4,pier,0,17.496,0.4522
999,1,beach,0,32.976,0.2537
999,2,boat,1,5.496,0.0531
999,3,charter,0,30.496,0.0052
999,4,pier,0,32.976,0.1498
1000,1,beach,0,61.776,0.2537
1000,2,boat,1,10.296,0.6817
1000,3,charter,0,35.296,2.3014
1000,4,pier,0,61.776,0.1498
1001,1,beach,0,76.176,0.2537
1001,2,boat,1,12.696,0.0531
1001,3,charter,0,37.696,0.0052
1001,4,pier,0,76.176,0.1498
1002,1,beach,0,5.496,0.5333
1002,2,boat,0,77.86,0.2413
1002,3,charter,0,112.86,1.0266
1002,4,pier,1,5.496,0.4522
1003,1,beach,0,18.576,0.2537
1003,2,boat,1,3.096,0.0531
1003,3,charter,0,28.096,0.0052
1003,4,pier,0,18.576,0.1498
1004,1,beach,0,90.576,0.2537
1004,2,boat,1,15.096,0.0531
1004,3,charter,0,40.096,0.0052
1004,4,pier,0,90.576,0.1498
1005,1,beach,1,76.176,0.2537
1005,2,boat,0,139.656,0.2339
1005,3,charter,0,158.156,0.6288
1005,4,pier,0,76.176,0.1498
1006,1,beach,0,76.176,0.2537
1006,2,boat,1,12.696,0.6817
1006,3,charter,0,37.696,2.3014
1006,4,pier,0,76.176,0.1498
1007,1,beach,0,227.376,0.2537
1007,2,boat,1,37.896,0.0531
1007,3,charter,0,62.896,0.0052
1007,4,pier,0,227.376,0.1498
1008,1,beach,1,5.496,0.5333
1008,2,boat,0,77.86,0.1665
1008,3,charter,0,112.86,0.3975
1008,4,pier,0,5.496,0.4522
1009,1,beach,0,47.376,0.2537
1009,2,boat,0,86.856,0.2339
1009,3,charter,0,105.356,0.6288
1009,4,pier,1,47.376,0.1498
1010,1,beach,1,7.896,0.5333
1010,2,boat,0,111.86,0.2413
1010,3,charter,0,146.86,1.0266
1010,4,pier,0,7.896,0.4522
1011,1,beach,0,37.506,0.2537
1011,2,boat,1,3.29,0.6817
1011,3,charter,0,28.29,2.3014
1011,4,pier,0,37.506,0.1498
1012,1,beach,1,3.29,0.5333
1012,2,boat,0,101.99,0.0051
1012,3,charter,0,136.99,1.0266
1012,4,pier,0,3.29,0.4522
1013,1,beach,1,2.29,0.5333
1013,2,boat,0,70.99,0.1665
1013,3,charter,0,105.99,0.3975
1013,4,pier,0,2.29,0.4522
1014,1,beach,1,1.29,0.5333
1014,2,boat,0,39.99,0.2413
1014,3,charter,0,74.99,1.0266
1014,4,pier,0,1.29,0.4522
1015,1,beach,0,6.29,0.5333
1015,2,boat,0,194.99,0.2413
1015,3,charter,0,229.99,1.0266
1015,4,pier,1,6.29,0.4522
1016,1,beach,0,243.34,0.0678
1016,2,boat,1,41.262,0.0143
1016,3,charter,0,70.762,0.0289
1016,4,pier,0,243.34,0.0503
1017,1,beach,0,56.862,0.2537
1017,2,boat,1,36.45,0.0531
1017,3,charter,0,61.45,0.0052
1017,4,pier,0,56.862,0.1498
1018,1,beach,0,49.062,0.2537
1018,2,boat,0,149.702,0.0082
1018,3,charter,0,168.202,0.0044
1018,4,pier,1,49.062,0.1498
1019,1,beach,0,49.062,0.2537
1019,2,boat,0,31.45,0.7369
1019,3,charter,1,56.45,2.3101
1019,4,pier,0,49.062,0.1498
1020,1,beach,0,25.662,0.2537
1020,2,boat,1,16.45,0.6817
1020,3,charter,0,41.45,2.3014
1020,4,pier,0,25.662,0.1498
1021,1,beach,0,214.326,0.0678
1021,2,boat,1,56.862,0.0102
1021,3,charter,0,91.862,0.0209
1021,4,pier,0,214.326,0.0789
1022,1,beach,0,126.126,0.0678
1022,2,boat,1,33.462,0.0102
1022,3,charter,0,68.462,0.0209
1022,4,pier,0,126.126,0.0789
1023,1,beach,1,11.45,0.5333
1023,2,boat,0,67.326,0.2413
1023,3,charter,0,102.326,1.0266
1023,4,pier,0,11.45,0.4522
1024,1,beach,0,16.45,0.5333
1024,2,boat,0,96.726,0.2413
1024,3,charter,1,131.726,1.0266
1024,4,pier,0,16.45,0.4522
1025,1,beach,0,243.34,0.0678
1025,2,boat,1,41.262,0.0143
1025,3,charter,0,70.762,0.0289
1025,4,pier,0,243.34,0.0503
1026,1,beach,0,80.262,0.2537
1026,2,boat,0,51.45,0.6817
1026,3,charter,1,76.45,2.3014
1026,4,pier,0,80.262,0.1498
1027,1,beach,0,96.726,0.0678
1027,2,boat,1,25.662,0.0102
1027,3,charter,0,60.662,0.0209
1027,4,pier,0,96.726,0.0789
1028,1,beach,1,26.45,0.5333
1028,2,boat,0,155.526,0.2413
1028,3,charter,0,190.526,1.0266
1028,4,pier,0,26.45,0.4522
1029,1,beach,0,25.662,0.2537
1029,2,boat,0,16.45,0.6817
1029,3,charter,1,41.45,2.3014
1029,4,pier,0,25.662,0.1498
1030,1,beach,0,41.262,0.2537
1030,2,boat,0,26.45,0.6817
1030,3,charter,1,51.45,2.3014
1030,4,pier,0,41.262,0.1498
1031,1,beach,1,21.45,0.5333
1031,2,boat,0,126.126,0.2413
1031,3,charter,0,161.126,1.0266
1031,4,pier,0,21.45,0.4522
1032,1,beach,0,33.462,0.2537
1032,2,boat,0,21.45,0.0531
1032,3,charter,1,46.45,0.0052
1032,4,pier,0,33.462,0.1498
1033,1,beach,0,67.326,0.0678
1033,2,boat,1,17.862,0.0897
1033,3,charter,0,52.862,1.0905
1033,4,pier,0,67.326,0.0789
1034,1,beach,0,33.462,0.2537
1034,2,boat,1,21.45,0.7369
1034,3,charter,0,46.45,2.3101
1034,4,pier,0,33.462,0.1498
1035,1,beach,0,17.862,0.2537
1035,2,boat,0,54.502,0.0233
1035,3,charter,0,73.002,0.0219
1035,4,pier,1,17.862,0.1498
1036,1,beach,1,11.45,0.5333
1036,2,boat,0,67.326,0.2413
1036,3,charter,0,102.326,1.0266
1036,4,pier,0,11.45,0.4522
1037,1,beach,0,176.748,0.0678
1037,2,boat,0,18.876,0.1082
1037,3,charter,1,48.376,0.324
1037,4,pier,0,176.748,0.0503
1038,1,beach,0,14.476,0.2537
1038,2,boat,0,22.372,0.0531
1038,3,charter,1,47.372,0.0052
1038,4,pier,0,14.476,0.1498
1039,1,beach,0,341.548,0.0678
1039,2,boat,1,36.476,0.0143
1039,3,charter,0,65.976,0.0289
1039,4,pier,0,341.548,0.0503
1040,1,beach,0,39.846,0.2537
1040,2,boat,1,6.87,0.0531
1040,3,charter,0,31.87,0.0052
1040,4,pier,0,39.846,0.1498
1041,1,beach,0,39.846,0.2537
1041,2,boat,1,6.87,0.6817
1041,3,charter,0,31.87,2.3014
1041,4,pier,0,39.846,0.1498
1042,1,beach,0,74.646,0.2537
1042,2,boat,0,12.87,0.6817
1042,3,charter,1,37.87,2.3014
1042,4,pier,0,74.646,0.1498
1043,1,beach,1,15.87,0.5333
1043,2,boat,0,195.73,0.1665
1043,3,charter,0,230.73,0.3975
1043,4,pier,0,15.87,0.4522
1044,1,beach,0,57.246,0.2537
1044,2,boat,0,9.87,0.7369
1044,3,charter,1,34.87,2.3101
1044,4,pier,0,57.246,0.1498
1045,1,beach,0,92.046,0.2537
1045,2,boat,0,15.87,0.0531
1045,3,charter,1,40.87,0.0052
1045,4,pier,0,92.046,0.1498
1046,1,beach,0,90.576,0.2537
1046,2,boat,0,15.096,0.7369
1046,3,charter,1,40.096,2.3101
1046,4,pier,0,90.576,0.0014
1047,1,beach,0,61.776,0.2537
1047,2,boat,0,10.296,0.6817
1047,3,charter,1,35.296,2.3014
1047,4,pier,0,61.776,0.1498
1048,1,beach,0,7.896,0.5333
1048,2,boat,0,111.86,0.2413
1048,3,charter,0,146.86,1.0266
1048,4,pier,1,7.896,0.4522
1049,1,beach,0,15.096,0.5333
1049,2,boat,0,213.86,0.2413
1049,3,charter,0,248.86,1.0266
1049,4,pier,1,15.096,0.4522
1050,1,beach,0,61.776,0.2537
1050,2,boat,1,10.296,0.7369
1050,3,charter,0,35.296,2.3101
1050,4,pier,0,61.776,0.1498
1051,1,beach,0,145.86,0.0678
1051,2,boat,0,217.074,0.0014
1051,3,charter,1,246.074,0.0029
1051,4,pier,0,145.86,0.0789
1052,1,beach,0,76.176,0.2537
1052,2,boat,1,12.696,0.7369
1052,3,charter,0,37.696,2.3101
1052,4,pier,0,76.176,0.1498
1053,1,beach,0,61.776,0.2537
1053,2,boat,0,10.296,0.6817
1053,3,charter,1,35.296,2.3014
1053,4,pier,0,61.776,0.1498
1054,1,beach,0,7.896,0.5333
1054,2,boat,0,111.86,0.2413
1054,3,charter,0,146.86,1.0266
1054,4,pier,1,7.896,0.4522
1055,1,beach,1,12.696,0.5333
1055,2,boat,0,179.86,0.0156
1055,3,charter,0,214.86,0.0058
1055,4,pier,0,12.696,0.4522
1056,1,beach,0,104.976,0.2537
1056,2,boat,0,17.496,0.6817
1056,3,charter,1,42.496,2.3014
1056,4,pier,0,104.976,0.1498
1057,1,beach,0,7.896,0.5333
1057,2,boat,0,111.86,0.2413
1057,3,charter,0,146.86,1.0266
1057,4,pier,1,7.896,0.4522
1058,1,beach,0,76.176,0.2537
1058,2,boat,0,12.696,0.0531
1058,3,charter,1,37.696,0.0052
1058,4,pier,0,76.176,0.1498
1059,1,beach,0,166.212,0.2537
1059,2,boat,1,52.488,0.0531
1059,3,charter,0,77.488,0.0052
1059,4,pier,0,166.212,0.1498
1060,1,beach,0,16.488,0.5333
1060,2,boat,0,97.096,0.2413
1060,3,charter,0,132.096,1.0266
1060,4,pier,1,16.488,0.4522
1061,1,beach,0,143.412,0.2537
1061,2,boat,1,45.288,0.6817
1061,3,charter,0,70.288,2.3014
1061,4,pier,0,143.412,0.1498
1062,1,beach,0,97.812,0.2537
1062,2,boat,1,30.888,0.7369
1062,3,charter,0,55.888,2.3101
1062,4,pier,0,97.812,0.1498
1063,1,beach,0,75.012,0.2537
1063,2,boat,0,23.688,0.7369
1063,3,charter,1,48.688,2.3101
1063,4,pier,0,75.012,0.0014
1064,1,beach,0,30.888,0.5333
1064,2,boat,0,181.896,0.2413
1064,3,charter,0,216.896,1.0266
1064,4,pier,1,30.888,0.4522
1065,1,beach,0,120.612,0.2537
1065,2,boat,1,38.088,0.6817
1065,3,charter,0,63.088,2.3014
1065,4,pier,0,120.612,0.1498
1066,1,beach,0,97.812,0.2537
1066,2,boat,0,30.888,0.6817
1066,3,charter,1,55.888,2.3014
1066,4,pier,0,97.812,0.1498
1067,1,beach,0,30.888,0.5333
1067,2,boat,0,181.896,0.2413
1067,3,charter,0,216.896,1.0266
1067,4,pier,1,30.888,0.4522
1068,1,beach,0,120.612,0.2537
1068,2,boat,1,38.088,0.7369
1068,3,charter,0,63.088,2.3101
1068,4,pier,0,120.612,0.1498
1069,1,beach,0,97.096,0.0678
1069,2,boat,0,52.212,0.0897
1069,3,charter,1,87.212,1.0905
1069,4,pier,0,97.096,0.0789
1070,1,beach,0,189.012,0.2537
1070,2,boat,0,59.688,0.6817
1070,3,charter,1,84.688,2.3014
1070,4,pier,0,189.012,0.1498
1071,1,beach,0,52.212,0.2537
1071,2,boat,0,16.488,0.6817
1071,3,charter,1,41.488,2.3014
1071,4,pier,0,52.212,0.1498
1072,1,beach,0,75.012,0.2537
1072,2,boat,1,23.688,0.6817
1072,3,charter,0,48.688,2.3014
1072,4,pier,0,75.012,0.1498
1073,1,beach,0,351.496,0.0678
1073,2,boat,1,189.012,0.0897
1073,3,charter,0,224.012,1.0905
1073,4,pier,0,351.496,0.0789
1074,1,beach,1,30.888,0.5333
1074,2,boat,0,181.896,0.0156
1074,3,charter,0,216.896,0.0058
1074,4,pier,0,30.888,0.4522
1075,1,beach,0,61.776,0.2537
1075,2,boat,1,10.296,0.7369
1075,3,charter,0,35.296,2.3101
1075,4,pier,0,61.776,0.1498
1076,1,beach,0,267.674,0.0678
1076,2,boat,1,76.176,0.1082
1076,3,charter,0,105.676,0.324
1076,4,pier,0,267.674,0.0503
1077,1,beach,0,12.696,0.5333
1077,2,boat,0,179.86,0.2413
1077,3,charter,0,214.86,1.0266
1077,4,pier,1,12.696,0.4522
1078,1,beach,0,32.976,0.2537
1078,2,boat,0,5.496,0.6817
1078,3,charter,1,30.496,2.3014
1078,4,pier,0,32.976,0.1498
1079,1,beach,0,47.376,0.2537
1079,2,boat,0,7.896,0.0531
1079,3,charter,1,32.896,0.0052
1079,4,pier,0,47.376,0.1498
1080,1,beach,0,32.976,0.2537
1080,2,boat,1,5.496,0.7369
1080,3,charter,0,30.496,2.3101
1080,4,pier,0,32.976,0.1498
1081,1,beach,0,10.296,0.5333
1081,2,boat,0,145.86,0.2413
1081,3,charter,0,180.86,1.0266
1081,4,pier,1,10.296,0.4522
1082,1,beach,0,267.674,0.0678
1082,2,boat,1,76.176,0.0143
1082,3,charter,0,105.676,0.0289
1082,4,pier,0,267.674,0.0503
1083,1,beach,0,76.176,0.2537
1083,2,boat,0,12.696,0.6817
1083,3,charter,1,37.696,2.3014
1083,4,pier,0,76.176,0.1498
1084,1,beach,0,61.776,0.2537
1084,2,boat,0,10.296,0.6817
1084,3,charter,1,35.296,2.3014
1084,4,pier,0,61.776,0.1498
1085,1,beach,0,111.86,0.0678
1085,2,boat,0,47.376,0.0102
1085,3,charter,1,82.376,0.0209
1085,4,pier,0,111.86,0.0789
1086,1,beach,0,227.376,0.2537
1086,2,boat,1,37.896,0.7369
1086,3,charter,0,62.896,2.3101
1086,4,pier,0,227.376,0.1498
1087,1,beach,0,76.176,0.2537
1087,2,boat,0,12.696,0.6817
1087,3,charter,1,37.696,2.3014
1087,4,pier,0,76.176,0.1498
1088,1,beach,0,32.976,0.2537
1088,2,boat,0,5.496,0.0531
1088,3,charter,1,30.496,0.0052
1088,4,pier,0,32.976,0.1498
1089,1,beach,0,61.776,0.2537
1089,2,boat,0,10.296,0.6817
1089,3,charter,1,35.296,2.3014
1089,4,pier,0,61.776,0.1498
1090,1,beach,0,90.576,0.2537
1090,2,boat,1,15.096,0.0531
1090,3,charter,0,40.096,0.0052
1090,4,pier,0,90.576,0.1498
1091,1,beach,0,227.376,0.2537
1091,2,boat,1,37.896,0.6817
1091,3,charter,0,62.896,2.3014
1091,4,pier,0,227.376,0.1498
1092,1,beach,0,32.976,0.2537
1092,2,boat,1,5.496,0.6817
1092,3,charter,0,30.496,2.3014
1092,4,pier,0,32.976,0.1498
1093,1,beach,0,47.376,0.2537
1093,2,boat,0,7.896,0.7369
1093,3,charter,1,32.896,2.3101
1093,4,pier,0,47.376,0.1498
1094,1,beach,1,17.496,0.5333
1094,2,boat,0,247.86,0.2413
1094,3,charter,0,282.86,1.0266
1094,4,pier,0,17.496,0.4522
1095,1,beach,0,97.812,0.2537
1095,2,boat,1,30.888,0.7369
1095,3,charter,0,55.888,2.3101
1095,4,pier,0,97.812,0.1498
1096,1,beach,0,16.488,0.5333
1096,2,boat,0,97.096,0.2413
1096,3,charter,0,132.096,1.0266
1096,4,pier,1,16.488,0.4522
1097,1,beach,0,75.012,0.2537
1097,2,boat,0,23.688,0.0531
1097,3,charter,1,48.688,0.0052
1097,4,pier,0,75.012,0.1498
1098,1,beach,0,75.012,0.2537
1098,2,boat,0,23.688,0.6817
1098,3,charter,1,48.688,2.3014
1098,4,pier,0,75.012,0.1498
1099,1,beach,0,76.986,0.2537
1099,2,boat,1,5.922,0.6817
1099,3,charter,0,30.922,2.3014
1099,4,pier,0,76.986,0.1498
1100,1,beach,0,63.168,0.2537
1100,2,boat,1,15.792,0.0531
1100,3,charter,0,40.792,0.0052
1100,4,pier,0,63.168,0.1498
1101,1,beach,0,82.368,0.2537
1101,2,boat,1,20.592,0.0531
1101,3,charter,0,45.592,0.0052
1101,4,pier,0,82.368,0.1498
1102,1,beach,0,4.29,0.5333
1102,2,boat,0,132.99,0.2413
1102,3,charter,0,167.99,1.0266
1102,4,pier,1,4.29,0.4522
1103,1,beach,0,71.706,0.2537
1103,2,boat,1,6.29,0.0531
1103,3,charter,0,31.29,0.0052
1103,4,pier,0,71.706,0.1498
1104,1,beach,0,8.29,0.5333
1104,2,boat,0,256.99,0.2413
1104,3,charter,0,291.99,1.0266
1104,4,pier,1,8.29,0.4522
1105,1,beach,1,94.506,0.2537
1105,2,boat,0,193.986,8e-04
1105,3,charter,0,212.486,0.0027
1105,4,pier,0,94.506,0.1498
1106,1,beach,0,1.29,0.5333
1106,2,boat,0,39.99,0.0051
1106,3,charter,0,74.99,1.0266
1106,4,pier,1,1.29,0.4522
1107,1,beach,0,37.506,0.2537
1107,2,boat,0,3.29,0.6817
1107,3,charter,1,28.29,2.3014
1107,4,pier,0,37.506,0.1498
1108,1,beach,0,48.906,0.2537
1108,2,boat,0,4.29,0.6817
1108,3,charter,1,29.29,2.3014
1108,4,pier,0,48.906,0.1498
1109,1,beach,0,37.506,0.2537
1109,2,boat,0,3.29,0.6817
1109,3,charter,1,28.29,2.3014
1109,4,pier,0,37.506,0.1498
1110,1,beach,0,60.306,0.2537
1110,2,boat,0,5.29,0.6817
1110,3,charter,1,30.29,2.3014
1110,4,pier,0,60.306,0.1498
1111,1,beach,0,3.29,0.5333
1111,2,boat,0,101.99,0.2413
1111,3,charter,0,136.99,1.0266
1111,4,pier,1,3.29,0.4522
1112,1,beach,0,48.906,0.2537
1112,2,boat,0,4.29,0.6817
1112,3,charter,1,29.29,2.3014
1112,4,pier,0,48.906,0.1498
1113,1,beach,0,26.106,0.2537
1113,2,boat,0,2.29,0.6817
1113,3,charter,1,27.29,2.3014
1113,4,pier,0,26.106,0.1498
1114,1,beach,0,347.004,0.0678
1114,2,boat,0,83.106,0.0143
1114,3,charter,1,112.606,0.0289
1114,4,pier,0,347.004,0.0503
1115,1,beach,1,6.29,0.5333
1115,2,boat,0,194.99,0.2413
1115,3,charter,0,229.99,1.0266
1115,4,pier,0,6.29,0.4522
1116,1,beach,0,48.906,0.2537
1116,2,boat,0,4.29,0.6817
1116,3,charter,1,29.29,2.3014
1116,4,pier,0,48.906,0.1498
1117,1,beach,0,2.29,0.5333
1117,2,boat,0,70.99,0.2413
1117,3,charter,0,105.99,1.0266
1117,4,pier,1,2.29,0.4522
1118,1,beach,0,6.29,0.5333
1118,2,boat,0,194.99,0.0156
1118,3,charter,0,229.99,0.0058
1118,4,pier,1,6.29,0.4522
1119,1,beach,0,180.006,0.2537
1119,2,boat,1,15.79,0.7369
1119,3,charter,0,40.79,2.3101
1119,4,pier,0,180.006,0.1498
1120,1,beach,1,4.29,0.5333
1120,2,boat,0,132.99,0.2413
1120,3,charter,0,167.99,1.0266
1120,4,pier,0,4.29,0.4522
1121,1,beach,1,4.29,0.5333
1121,2,boat,0,132.99,0.2413
1121,3,charter,0,167.99,1.0266
1121,4,pier,0,4.29,0.4522
1122,1,beach,0,204.204,0.0678
1122,2,boat,1,48.906,0.0732
1122,3,charter,0,78.406,0.1726
1122,4,pier,0,204.204,0.0052
1123,1,beach,1,6.29,0.5333
1123,2,boat,0,194.99,0.1665
1123,3,charter,0,229.99,0.3975
1123,4,pier,0,6.29,0.4522
1124,1,beach,1,9.29,0.5333
1124,2,boat,0,287.99,0.2413
1124,3,charter,0,322.99,1.0266
1124,4,pier,0,9.29,0.4522
1125,1,beach,0,60.306,0.2537
1125,2,boat,0,5.29,0.7369
1125,3,charter,1,30.29,2.3101
1125,4,pier,0,60.306,0.1498
1126,1,beach,0,5.29,0.5333
1126,2,boat,0,163.99,0.2413
1126,3,charter,0,198.99,1.0266
1126,4,pier,1,5.29,0.4522
1127,1,beach,0,4.29,0.5333
1127,2,boat,0,132.99,0.0156
1127,3,charter,0,167.99,0.0058
1127,4,pier,1,4.29,0.4522
1128,1,beach,0,94.506,0.2537
1128,2,boat,1,8.29,0.7369
1128,3,charter,0,33.29,2.3101
1128,4,pier,0,94.506,0.1498
1129,1,beach,0,60.306,0.2537
1129,2,boat,0,5.29,0.0531
1129,3,charter,1,30.29,0.0052
1129,4,pier,0,60.306,0.1498
1130,1,beach,0,37.506,0.2537
1130,2,boat,1,3.29,0.0531
1130,3,charter,0,28.29,0.0052
1130,4,pier,0,37.506,0.1498
1131,1,beach,0,3.29,0.5333
1131,2,boat,0,101.99,0.2413
1131,3,charter,0,136.99,1.0266
1131,4,pier,1,3.29,0.4522
1132,1,beach,0,48.906,0.2537
1132,2,boat,0,4.29,0.7369
1132,3,charter,1,29.29,2.3101
1132,4,pier,0,48.906,0.1498
1133,1,beach,0,117.306,0.2537
1133,2,boat,1,10.29,0.7369
1133,3,charter,0,35.29,2.3101
1133,4,pier,0,117.306,0.1498
1134,1,beach,0,71.706,0.2537
1134,2,boat,1,6.29,0.6817
1134,3,charter,0,31.29,2.3014
1134,4,pier,0,71.706,0.1498
1135,1,beach,0,37.506,0.2537
1135,2,boat,0,76.986,0.0233
1135,3,charter,0,95.486,0.0219
1135,4,pier,1,37.506,0.1498
1136,1,beach,0,101.99,0.0678
1136,2,boat,1,37.506,0.0102
1136,3,charter,0,72.506,0.0209
1136,4,pier,0,101.99,0.0789
1137,1,beach,0,37.506,0.2537
1137,2,boat,0,76.986,0.0082
1137,3,charter,0,95.486,0.0044
1137,4,pier,1,37.506,0.1498
1138,1,beach,0,48.906,0.2537
1138,2,boat,0,4.29,0.6817
1138,3,charter,1,29.29,2.3014
1138,4,pier,0,48.906,0.1498
1139,1,beach,0,60.306,0.2537
1139,2,boat,1,5.29,0.7369
1139,3,charter,0,30.29,2.3101
1139,4,pier,0,60.306,0.1498
1140,1,beach,0,71.706,0.2537
1140,2,boat,1,6.29,0.6817
1140,3,charter,0,31.29,2.3014
1140,4,pier,0,71.706,0.1498
1141,1,beach,0,71.706,0.2537
1141,2,boat,1,6.29,0.6817
1141,3,charter,0,31.29,2.3014
1141,4,pier,0,71.706,0.1498
1142,1,beach,0,4.29,0.5333
1142,2,boat,1,132.99,0.0156
1142,3,charter,0,167.99,0.0058
1142,4,pier,0,4.29,0.4522
1143,1,beach,0,5.29,0.5333
1143,2,boat,1,163.99,0.0361
1143,3,charter,0,198.99,0.4216
1143,4,pier,0,5.29,0.0069
1144,1,beach,0,48.906,0.2537
1144,2,boat,0,4.29,0.6817
1144,3,charter,1,29.29,2.3014
1144,4,pier,0,48.906,0.1498
1145,1,beach,0,6.29,0.5333
1145,2,boat,0,194.99,0.2413
1145,3,charter,0,229.99,1.0266
1145,4,pier,1,6.29,0.4522
1146,1,beach,0,180.006,0.2537
1146,2,boat,0,15.79,0.7369
1146,3,charter,1,40.79,2.3101
1146,4,pier,0,180.006,0.1498
1147,1,beach,0,83.106,0.2537
1147,2,boat,0,7.29,0.6817
1147,3,charter,1,32.29,2.3014
1147,4,pier,0,83.106,0.1498
1148,1,beach,0,83.106,0.2537
1148,2,boat,0,7.29,0.6817
1148,3,charter,1,32.29,2.3014
1148,4,pier,0,83.106,0.1498
1149,1,beach,0,37.506,0.2537
1149,2,boat,0,76.986,0.0233
1149,3,charter,0,95.486,0.0219
1149,4,pier,1,37.506,0.1498
1150,1,beach,0,94.506,0.2537
1150,2,boat,0,8.29,0.6817
1150,3,charter,1,33.29,2.3014
1150,4,pier,0,94.506,0.1498
1151,1,beach,0,71.706,0.2537
1151,2,boat,1,6.29,0.6817
1151,3,charter,0,31.29,2.3014
1151,4,pier,0,71.706,0.1498
1152,1,beach,0,163.99,0.0678
1152,2,boat,1,60.306,0.0102
1152,3,charter,0,95.306,0.0209
1152,4,pier,0,163.99,0.0789
1153,1,beach,0,71.706,0.2537
1153,2,boat,1,6.29,0.0531
1153,3,charter,0,31.29,0.0052
1153,4,pier,0,71.706,0.1498
1154,1,beach,1,105.906,0.2537
1154,2,boat,0,217.386,0.0233
1154,3,charter,0,235.886,0.0219
1154,4,pier,0,105.906,0.1498
1155,1,beach,0,30.186,0.1049
1155,2,boat,1,39.99,0.1574
1155,3,charter,0,63.99,0.4671
1155,4,pier,0,30.186,0.0451
1156,1,beach,0,2.29,0.5333
1156,2,boat,0,70.99,0.2413
1156,3,charter,0,105.99,1.0266
1156,4,pier,1,2.29,0.4522
1157,1,beach,0,94.506,0.2537
1157,2,boat,0,8.29,0.6817
1157,3,charter,1,33.29,2.3014
1157,4,pier,0,94.506,0.1498
1158,1,beach,0,1.29,0.5333
1158,2,boat,0,39.99,0.1665
1158,3,charter,0,74.99,0.3975
1158,4,pier,1,1.29,0.4522
1159,1,beach,0,194.99,0.0678
1159,2,boat,1,71.706,0.0559
1159,3,charter,0,106.706,0.6456
1159,4,pier,0,194.99,0.0789
1160,1,beach,1,18.876,0.2537
1160,2,boat,0,81.51,0.2339
1160,3,charter,0,100.01,0.6288
1160,4,pier,0,18.876,0.1498
1161,1,beach,0,259.148,0.0678
1161,2,boat,1,27.676,0.0143
1161,3,charter,0,57.176,0.0289
1161,4,pier,0,259.148,0.0503
1162,1,beach,0,32.076,0.2537
1162,2,boat,0,49.572,0.6817
1162,3,charter,1,74.572,2.3014
1162,4,pier,0,32.076,0.1498
1163,1,beach,0,143.412,0.2537
1163,2,boat,1,45.288,0.0531
1163,3,charter,0,70.288,0.0052
1163,4,pier,0,143.412,0.1498
1164,1,beach,0,23.276,0.2537
1164,2,boat,0,100.51,0.0082
1164,3,charter,0,119.01,0.0044
1164,4,pier,1,23.276,0.1498
1165,1,beach,0,388.434,0.0678
1165,2,boat,1,69.476,0.0102
1165,3,charter,0,104.476,0.0209
1165,4,pier,0,388.434,0.0789
1166,1,beach,0,97.812,0.2537
1166,2,boat,0,30.888,0.6817
1166,3,charter,1,55.888,2.3014
1166,4,pier,0,97.812,0.1498
1167,1,beach,0,52.488,0.5333
1167,2,boat,0,309.096,0.0156
1167,3,charter,0,344.096,0.0058
1167,4,pier,1,52.488,0.4522
1168,1,beach,1,23.688,0.5333
1168,2,boat,0,139.496,0.0156
1168,3,charter,0,174.496,0.0058
1168,4,pier,0,23.688,0.4522
1169,1,beach,0,181.896,0.0678
1169,2,boat,0,97.812,0.0897
1169,3,charter,1,132.812,1.0905
1169,4,pier,0,181.896,0.0789
1170,1,beach,0,23.688,0.5333
1170,2,boat,0,139.496,0.2413
1170,3,charter,0,174.496,1.0266
1170,4,pier,1,23.688,0.4522
1171,1,beach,0,255.15,0.5333
1171,2,boat,1,106.434,0.2413
1171,3,charter,0,141.434,1.0266
1171,4,pier,0,255.15,0.4522
1172,1,beach,0,164.834,0.0678
1172,2,boat,1,155.802,0.0108
1172,3,charter,0,190.802,0.2377
1172,4,pier,0,164.834,0.0025
1173,1,beach,0,45.402,0.2537
1173,2,boat,0,45.402,0.0233
1173,3,charter,1,63.902,0.0219
1173,4,pier,0,45.402,0.1498
1174,1,beach,1,62.634,0.0678
1174,2,boat,0,123.552,0.0014
1174,3,charter,0,152.552,0.0029
1174,4,pier,0,62.634,0.0789
1175,1,beach,0,91.834,0.0678
1175,2,boat,1,86.802,0.0102
1175,3,charter,0,121.802,0.0209
1175,4,pier,0,91.834,0.0789
1176,1,beach,0,121.034,0.0678
1176,2,boat,0,114.402,0.0102
1176,3,charter,1,149.402,0.0209
1176,4,pier,0,121.034,0.0789
1177,1,beach,1,121.836,0.5333
1177,2,boat,0,203.346,0.2413
1177,3,charter,0,238.346,1.0266
1177,4,pier,0,121.836,0.4522
1178,1,beach,0,150.236,0.5333
1178,2,boat,0,250.746,0.2413
1178,3,charter,0,285.746,1.0266
1178,4,pier,1,150.236,0.4522
1179,1,beach,1,235.436,0.5333
1179,2,boat,0,392.946,0.2413
1179,3,charter,0,427.946,1.0266
1179,4,pier,0,235.436,0.4522
1180,1,beach,0,65.036,0.5333
1180,2,boat,0,108.546,0.2413
1180,3,charter,0,143.546,1.0266
1180,4,pier,1,65.036,0.4522
1181,1,beach,1,36.636,0.5333
1181,2,boat,0,61.146,0.1665
1181,3,charter,0,96.146,0.3975
1181,4,pier,0,36.636,0.4522
1182,1,beach,0,339.89,0.2537
1182,2,boat,1,235.436,0.6817
1182,3,charter,0,260.436,2.3014
1182,4,pier,0,339.89,0.1498
